c,Local,ARTIST,ALBUM,Label,ADDED,promoter,FCC Warnings (EDITS AVAIL UPON REQUEST),Rec. Tracks,GENRE,RIYL,Artist Pop. (Monthly Streams),approx. REMOVE DATE,,artist pop. KEY,♡: <1k monthlies,♡♡: 1k-10k,♡♡♡: 10k-100k,♡♡♡♡: 100k-1m,♡♡♡♡♡: 1m+
digital,,Rodrigo y Gabriela,OurHome,Advaita Records under license to ATO Records,7/28,co-sign,clean,"1, 6","nuevo flamenco, rock, heavy metal","Khruangbin, Hermanos Gutierrez, BALTHVS, Arc De Soleil, The Olympians, Adrian Quesada",♡♡♡♡,9/28,,,,,,,
digital,,GENER8ION,Love & Tears,Iconoclast,7/28,syndicate,"3*, 6*","10, 3, 2, 9","french electro, electropop","Yung Lean, Yannis, Genesis Owusu, Oxis, H.LLS, James Blake",♡♡♡♡♡,9/28,,,,,,,
digital,,ME.,ALL GOOD THINGS,self released,7/28,syndicate,"2, 10","8, 3, 4, 7","alternative rock, emo, pop punk","Manor Gates, Gabe Woodrow, ALTARBOY, Tired of Fighting, Dad Hats",♡♡,9/28,,,,,,,
digital,,Tessa Rae,Lovers Always Lose [Single],self released,7/28,syndicate,clean,single,"pop, singer-songwriter","ROREY, Suki Summer, Brinck, Sophie Breton, Laila Smith, Rocky Collin",♡♡,9/28,,,,,,,
digital,,Quicksand,Bring On the Physics,Equal Vision,7/28,pirate,"1*, 3*, 4*, 8*","10, 2, 1, 4, 8","post-hardcore, alternative metal, alternative rock","Metz, Refused, Jawbox, Fake Names, Rival Schools, Failure",♡♡♡♡,9/28,,,,,,,
digital,,Her Head's on Fire,Am I Not Your Girl?,Iodine,7/28,pirate,clean,"4, 6, 3, 1, 8","alternative rock, emo, post-hardcore","Jawbreaker, Titus Andronicus, Hum, The Get Up Kids, Sunny Day Real Estate, Quicksand",♡,9/28,,,,,,,
digital,,Young Legs,Warrens & Wyrmlings [EP],Mint 400,7/28,pirate,clean,"1, 2, 4","indie folk, indie rock, singer-songwriter","Alex G, Car Seat Headrest, Grandaddy, They Might Be Giants",♡,9/28,,,,,,,
digital,,"Nicholas Payton, Butcher Brown",A Supreme Blue,Concord Jazz,7/28,co-sign,clean,"3, 4, 6, 7, 8","jazz, funk-jazz, hip-hop, and soul","John Coltrane, Miles Davis, Yussef Dayes, Jeff Parker, Nate Smith",♡♡♡♡,9/28,,,,,,,
digital,,"Goldie, Natalie Williams",Jungle Daze,LDN Records,7/28,co-sign,clean,single,"drum and bass, jungle, and breakbeat hardcore","Nia Archives, Machinedrum, BAMBII, Laurence Guy, Overmono",♡♡♡,9/28,,,,,,,
digital,,Dj Cinéma Quartier Latin,Bruise,Courage Holdings,7/28,co-sign,clean,"1, 2, 3, 4, 8, 10","electronic music, house, breakbeat, techno","Overmono, Lawrence Hart, TSHA, Jacques Greene",♡♡♡♡,9/28,,,,,,,
digital,,Love Spells,LOVE IS THE LAW,RCA Records,7/28,co-sign,clean,"1, 2, 3, 12","dream pop, alternative pop, indie rock, shoegaze","The Marias, Beach House, Night Tapes, Cigarettes After Sex, Mazzy Star",♡♡♡♡♡,9/28,,,,,,,
digital,X,Kurt Vile,Philadelphia's been good to me,Verve,6/2,shine on,9,"1, 3, 5","indie folk, folk rock, singer songwriter","Courtney Barnett, The War on Drugs, Neil Young, Cass McCombs",♡♡♡♡♡,10/2,,,,,,,
digital,X,FILM,Permanence,Lauren,6/2,pirate,"4, 5","6, 3, 7, 2","post-hardcore, power pop","The Starting Line, Algernon Cadwallader, Tigers Jaw, Angel Du$t, Militarie Gun, Citizen",♡♡♡,10/2,,,,,,,
digital,X,Afloat,"Speak Slow, Then Leave [EP]",Mint 400,6/2,pirate,clean,"1, 3, 4","emo, alternative rock","Sweet Pill, Tigers Jaw, Macseal, Pool Kids, Gladie",♡,10/2,compilation album,,,,,,
CD,X,Greg Mendez,Beauty Land,Dead Oceans,6/2,Secretly,2,"1, 5, 9, 13","indie folk, indie rock, singer-songwriter","Wednesday, Alex G, Elliott Smith, This Is Lorelei, Frog",♡♡♡,10/2,,,,,,,
CD,,Olivia Rodrigo,the cure [Single],Geffen Records,6/2,Geffen,1,single,"pop, pop rock","Taylor Swift, Gracie Abrams, Sabrina Carpenter, Conan Gray",♡♡♡♡♡,10/2,,,,,,,
digital,,Lila Drew,Wine [single],self released,8/4,syndicate,clean,single,"pop, pop-country","Ruby Red, Alex Amor, Juliana Madrid, Conor Burns, Jewel Owusu",♡♡♡,10/4,,,,,,,
digital,,Parks Department,Parks Department,self released,8/4,syndicate,9,"2, 5, 3","alternative country, americana, alt-folk","Nowhere Man, Sean Waters & The Sunrise Genius, Slow Packe, Ashton York",♡♡,10/4,,,,,,,
digital,,Various Artists,Songs in the Key of Diane: A Reggae Compilation of Diane Warren Songs,Island Empire,8/4,syndicate,clean,"1, 11, 4, 10",reggae,"Common Kings, Eli-Mac, Fiji, Anuhea, Pia Mia, Boostive, Sammy Johnson, Lea Love, Gramps Morgan, Analea Brown, Makua, Save Ferris, Nomad",♡♡♡♡,10/4,,,,,,,
digital,,Robyn Hitchcock,The Confuser,Tiny Ghost,8/4,Shine On,1,"2, 4, 6",art rock,"The Shins, Spiritualized, Sharp Pins, & The Clientele",,10/4,,,,,,,
digital,,Body Type,Tally,p(doom),8/4,Shine On,"2, 4","1, 3",garage rock,"Wet Leg, RVG, Warpaint, King Gizzard & The Lizard Wizard, Amyl and The Sniffers, Kim Gordon, Sleater-Kinney, ",,10/4,,,,,,,
digital,,Ultra Lights,Pleasure's All Yours,Chunklet,8/4,Shine On,10,"2, 3, 5, 6","post punk, garage rock","Kiwi Jr., The Strokes, Weird Nightmare, Parquet Courts, Protomartyr, Dehd, Twisted Teens, Telehealth, Cola, BODEGA, Cloud Nothings & Pavement",,10/4,,,,,,,
digital,,J.J. Nicely,Mystical Country,Pink Light,8/4,Shine On,clean,"1, 2, 4",country,"Adrianne Lenker, Allegra Krieger, Mazzy Star, Laele Neale, Hand Habits, Cassandra Jenkins, Marina Allen, Angela Autumn, Merce Lemon & Julia Jacklin",,10/4,,,,,,,
digital,,KAVUS TORABI,Water into Wine,Believers Roast,8/4,Shine On,clean,single,"Experimental, psychedelic rock","Gong, Simon Finne, Donovan",,10/4,,,,,,,
digital,,Butchie,Alabaster,Moremen,8/4,Shine On,clean,single,"Electronic, Dance","The Hidden Cameras, Hot Chip, LCD Soundsystem, Pet Shop Boys, of Montreal, Arthur Russell, Depeche Mode, Nation of Language, Chromatics",,10/4,,,,,,,
digital,,Jaime Rosso,Speak,Domino,8/4,Shine On,clean,single,"Electronic, Dance","TEED, Daniel Avery, Arthur Russell, Disclosure, Hot Chip, LCD Soundsystem, Francis & The Lights,Autre Ne Veut, Jamie xx",,10/4,,,,,,,
digital,,Chanel Beads,Your Day Will Come,Jagjaguwar,8/4,secretly,"2, 5, 6, 8, 11","3, 4, 7",cloud rock,"YHWN Nailgun, ear, Oklou, underscores, Alex G meets Dean Blunt",,10/4,,,,,,,
digital,,Dinosaur Jr,Several Got Away,Jagjaguwar,8/4,secretly,clean,single,"alternative rock, punk","Pavement, Sonic Youth, Meat Puppets, MJ Lenderman",,10/4,,,,,,,
digital,TRUE,Greg Mendez,Beauty Land,Dead Oceans,8/4,secretly,2,"1, 5, 7, 9","phillycore, folk, alt country","Wednesday, Alex G, Elliott Smith, This Is Lorelei",,10/4,,,,,,,
digital,,Dorio,Agent Friday and the Perfect Angel,Earth Libraries,8/4,Terrorbomb,clean,"2,4,7","Pop, lounge, soft rock","Stereolab, Pizzicato Five, Pearl & the Oysters, Ginger Root",,10/4,,,,,,,
digital,,anaiis,Devotion & The Black Divine + Sunshine / P4P,5dB,8/4,Terrorbomb,clean,"1, 4, 9","neo-soul, pop, ambient","Kelela, L’Rain, Raveena, Dua Saleh, Grupo Cosmo",,10/4,,,,,,,
digital,,pitschouse,Dinner With the Dreamies,Den Tapes,8/4,Terrorbomb,clean,single,"indie, slowcore, ambient","Yo La Tengo, Slowdive, Pure Moods",,10/4,,,,,,,
digital,,Semiratruth,Tudo Bem!,Sooper,8/4,Terrorbomb,clean,single,electronica,,,10/4,,,,,,,
digital,,Lisa Molinaro,Blind Trust,s/r,8/4,Terrorbomb,clean,"1, 2, 4, 7","alternative, baroque pop","Weyes Blood, Flock of Dimes, PJ Harvey, Sinead O'Connor, Neko Case",,10/4,,,,,,,
digital,,Dis Fig,The Account,Thrill Jockey,8/4,Terrorbomb,clean,single,"noise, electronica","the Body, Black Dice, Billy Woods",,10/4,,,,,,,
digital,,Lockimara,"Only Sun, Only Moon",Play Dead,8/4,Terrorbomb,clean,"1, 2, 4","laptop twee, electronica, pop","Porches, ear, Alex G, This is Lorelei, Dean Blunt",,10/4,,,,,,,
digital,,Ceremony,Tell Me Your Dream,Relapse,8/11,syndicate,clean,"2, 4, 7, 8","hardcore punk, post-punk, new wave","Angel Du$t, Militarie Gun, Home Front, Drug Church, Quicksand, Fiddlehead",♡♡♡♡,10/11,,,,,,,
digital,,Stay Out,Broken Homes,self released,8/11,syndicate,"5, 7","4, 8, 12, 3","pop punk, punk","Pirates of the Promised Land, THE HERETICS, Old Cross, Dial Drive",♡♡,10/11,,,,,,,
digital,,Ninajirachi,WannaCry [single],Columbia Records,8/11,Columbia Records,clean,single,"pop, edm, electropop, electro house","Porter Robinson, Frost Children, underscores, daine, Tiffany Day",♡♡♡♡♡,10/11,,,,,,,
digital,,Cheekface,Podium,self released,8/11,pirate,"3*, 5*, 9*, 12*","2, 8, 7, 1, 3, 5, 9, 12","indie rock, power pop, geek rock","Pavement, Jeff Rosenstock, The Front Bottoms, Slaughter Beach Dog, Lou Reed, Cake, Talking Heads",♡♡♡♡,10/11,,,,,,,
digital,,The Crooked Stuff,Synthetic Signals,The Unknown International,8/11,pirate,clean,"1, 2, 3, 4, 10","dark wave, electronic, electronic rock","TV On The Radio, LCD Soundsystem, Gorillaz, The Prodigy, Justice, The Chemical Brothers",♡♡,10/11,,,,,,,
digital,,Preloved,Willow,Lauren,8/11,pirate,clean,"3, 2, 4, 8, 1","indie folk, singer-songwriter, alt-country","fanclubwallet, Hovvdy, Day Wave, The Drums, Vacations, Current Joys, Wishy",♡♡,10/11,,,,,,,
digital,,Bonnie Kemplay,"Someone, somewhere [EP]",Dirty Hit,8/11,pirate,clean,"2, 3, 6, 4","indie pop, singer-songwriter, indie folk","Georgia Gets By, Fenne Lily, Lizzy McAlpine, Holly Humberstone, Snail Mail",♡♡♡,10/11,,,,,,,
digital,,Joudy,Permanent Maintenance,Trash Casual,8/11,pirate,7,"1, 3, 4, 6","alternative rock, garage rock","Queens of the Stone Age, Ty Segall, All Them Witches, Osees, Soundgarden, Cave In",♡♡,10/11,,,,,,,
digital,,Johnny Manchild and the Poor Bastards,Side Effects,self released,8/11,pirate,"2*, 9*","1, 6, 12, 2, 9","art rock, power pop, alternative rock","Panic! At The Disco, Jukebox The Ghost, The Format, Motion City Soundtrack, The Dear Hunter",♡♡♡,10/11,,,,,,,
digital,,Nutritious,Solarmaxxing,Liquid Culture Records,8/11,co-sign,clean,"1, 6, 5, 2","house, indie, disco","Frost Children, The Dare, LCD Soundsystem, Confidence Man",♡♡,10/11,,,,,,,
digital,,Ciarán,K-Bar,Ninja Tune,8/11,co-sign,clean,single,"alternative, R&B, bedroom pop","Quadeca, Nick Hakim, Mk.gee, Frank Ocean",♡♡♡♡,10/11,,,,,,,
digital,,Elliott Skinner,How Far We've Come,Ninja Tune,8/11,co-sign,clean,2,"folk, soul, rock, blues","Theo Croker, Moses Sumney, anaiis, Steven Bamidele, Nick Hakim, serpentwithfeet",♡♡♡,10/11,,,,,,,
digital,,Los Bitchos,Hang Up Pt 2 + other singles,!K7 Music and GREAT! Records,8/11,co-sign,clean,single,"cumbia, surf rock, psychedelic rock","Sosyete '25, BALTHVS, La Luz, L'Eclair, Gitkin, Yin Yin",♡♡♡♡,10/11,,,,,,,
digital,,Blonde Redhead,Blood Spilled,2026 section1,8/11,co-sign,clean,single,"alternative rock, indie rock, dream pop, noise rock","Beach House, Yo La Tengo, Slowdive, Stereolab, My Bloody Valentine",♡♡♡♡,10/11,,,,,,,
digital,,Your Old Droog,Pavlonian Effect,Rem-U-Lak Records,8/11,co-sign,edit,single,"rap, boom-bap, East Coast hip-hop, jazz rap","Madlib, Black Thought, MF Doom, billy woods, MAVI",♡♡♡♡,10/11,,,,,,,
digital,,venturing,Nowhere EP,Jane Remover,8/11,co-sign,clean,"1, 2, 3","alternative, shoegaze","Jane Remover, Friko, underscores, Wednesday, Quadeca, feeble little horse, ear",♡♡♡♡,10/11,,,,,,,
digital,,Later Alligator,Gator Special,Bug Body,8/11,planetary,"2, 3, 6, 7, 12","9, 5, 4","midwest emo, alt rock","Guided By Voices, PUP, Fireworks, Newgrounds Death Rugby, Equipment",♡,10/11,,,,,,,
digital,,Placid Cactus,SUBMARINE,2026 PC,8/11,planetary,"1, 2","3, 8","indie rock, synth-pop, neo-psychedelic, alternative","Djo, Dominic Fike, sombr, The Neighborhood",♡♡,10/11,,,,,,,
digital,,Glom,Young Folks,Nettwerk Music Group Inc.,8/11,planetary,clean,"1, 3","indie rock, shoegaze, slowcore","Wishy, Freak Slug, shower curtain, Truth Club",♡♡♡,10/11,,,,,,,
digital,,Allah-Las,Sirenas,Calico Discos,8/11,planetary,clean,"2, 4, 7","psychedelic rock, surf rock, garage rock","Ty Segall, Wand, The Babe Rainbow, Real Estate, Night Moves, Foxygen",♡♡♡♡,10/11,,,,,,,
digital,,1-800-Mikey,Sirenas,Goner Records/Ragnar Records,8/11,planetary,clean,"1, 2","lo-fi, bedroom pop, garage punk","Snooper, Tee Vee Repairman, Gee Tee, Cherry Cheeks, RMFC",♡♡♡,10/11,,,,,,,
digital,,"Al Nicol, lighthearted",Blue Stained Glass,Alex Nichol,8/11,planetary,clean,single,"pop rock, folk rock, psychedelic pop","Kevin Morby, Iron & Wine, Damien Jurado, Hiss Golden Messenger, Bonny Light Horseman, Cass McCombs, Fleet Foxes, Andy Shauf",♡♡♡♡,10/11,,,,,,,
digital,,"god of war, They Are Gutting a Body of Water, Hooky",molly picture,Julia's War Recordings,8/11,planetary,clean,"3, 7, 2, 4","electronic pop, indie rock, alternative","They Are Gutting a Body of Water, Hooky, villagerrr, Teethe, @, untitled (halo)",♡♡♡,10/11,,,,,,,
digital,,Eilish Constance,Singing for fun,2026 golden child,8/11,planetary,clean,"2, 3, 4","folktronica, alt-pop, indie-folk","Superfan, Soccer Mommy, @, Merce Lemon",♡♡♡,10/11,,,,,,,
digital,,Omar Joaquin,Saint John's and Underhill,Slide Ranch Publishing,8/11,planetary,clean,6,"Americana, R&B, soul, psychedelia","Lenny Kravitz, Counting Crows, Lynyrd Skynyrd, Ozzy Osborne",♡,10/11,,,,,,,
digital,,Melaina Kol,Okay that's a great idea because if I do that then ,Julia's War Recordings,8/11,planetary,clean,"2, 3, 4","bedroom pop, indie folk, indietronica, folktronica","Alex G, Oklou, Hooky, Wyatt Smith, Lowertown, Dead Sullivan",♡♡♡,10/11,,,,,,,
digital,,Scizzorman,How To Get Your Life Right With What's Left,Terrence J Vinci,8/11,planetary,clean,"6, 2","post punk, new wave","Red Hot Chili Peppers, Captain Beefheart, Beck, Kurtis Blow, Cake, The Spin Doctors",♡,10/11,,,,,,,
digital,X,Slow Motion Sadface,Sea Change (or Just the Tide) [EP],Bad Catt/ Mint 400,6/16,pirate,clean,"3, 2, 1","alternative rock, punk, indie rock","The Strokes, Shaky, Dinosaur Jr, Yuck, The Cribs",♡,10/16,,,,,,,
CD,,Matthew Payne,Better Times,EAR Studio,6/17,Broken Jukebox Media,clean,"1, 2, 3","bluegrass, country, blues, americana","W. D. Miller, Greg Hall, Ward Hayden, Richard Gans",♡,10/17,,,,,,,
Casette,,Anchovia Institute,Demos,self released,6/17,N/A,check,all [EP],"indie folk, lo-fi, singer-songwriter","MJ Lenderman, Greg Mendez, Alex G, Frog",Not on Spotify,10/17,on soundcloud at https://soundcloud.com/realmilfsnotascam,,,,,,
CD,,Sky Smeed,Live at the Rock House,Sky Smeed,6/17,Broken Jukebox Media,"2, 4","1, 5, 7, 10","folk, singer-songwriter, country","Peter Keane, My Politic, Simon Cropp, Matt Fockler",♡,10/17,,,,,,,
CD,,Black Nile,Indigo Garden,MASS MoCa Records,6/17,A Man A Plan A Canal,clean,"2, 3, 11","jazz, improv","Adam O'Farrill, Alan Braufman, Nana Rizinni, Emilio Modeste",♡♡,10/17,,,,,,,
CD,,Deer Tick,Coin-O-Matic,ATO,6/17,Pirate,"1, 11","2, 6, 4, 7, 5","folk rock, americana, alternative rock","Dawes, Delta Spirit, Fruit Bats, My Morning Jacket, The Decemberists, Wilco",♡♡♡♡,10/17,,,,,,,
CD,,Big Mike and the Cavendish,Ripe For the Taking,self released,6/17,N/A,4,"3, 9, 7","indie, rock, pop","Death Cab for Cutie, Say Anything, Bloc Party",Not on Spotify,10/17,on soundcloud at https://soundcloud.com/bmatc/tracks ,,,,,,
CD,,Tyler Beans,Elevator Movies,Certified NOISE Records,6/17,N/A,clean,"1, 2","alternative rock, indie, grunge","Nirvana, The Hives, Bass Drum of Death, Viagra Boys, Red Hot Chili Peppers",♡,10/17,,,,,,,
Vinyl,X,Flower Girl,Elevator Movies,Circus Peanut Records,6/17,Circus Peanut Records,instrumental,all [EP],"psychedelic, space rock, krautrock","Acid Mothers Temple, Hawkwind, Circle and the Dead",♡,10/17,,,,,,,
CD,,Anna Moon + The Stars,Oh My God! It's A Resurrection,self released,6/17,N/A,clean,"1, 2, 7","indie, rock, pop","Izzy Harlow, Kate York, Jadea Kelly, Caleb Harris, Prom King",♡♡,10/17,,,,,,,
CD,,Chatham Rise,Trillium,Infinite Spin,6/17,N/A,clean,"5, 1, 3, 7","psychedelic, shoegaze, space rock","My Bloody Valentune, LUNA, Spectrum, The Brian Jonestown Massacre",♡,10/17,,,,,,,
CD,,of Montreal,aethermead,Polyvinyl,6/17,Shine On,"4, 6, 8","1, 2, 5, 12","indie pop, psych pop, indie rock","MGMT, Animal Collective, Superorganism. Beck, Phoenix, Foxygen",♡♡♡♡,10/17,,,,,,,
CD,,Used Condo,American Birthstone,Bumpy Records,6/17,Bumpy Records,clean,"1, 3, 9, 11","electronic, experimental, plunderphonics","Negativland, Macintosh Plus, The Caretaker, Oneohtrix Point Never",Not on Spotify,10/17,,,,,,,
Vinyl,,Subterranean Clocks,We Won't Be Ruined / Unlock Control,Total Life Society Records,6/17,Total Life Society Records,check,"1, 2","indie rock, experimental","Fugazi, The Ex, Scarcity of Tanks, Minutemen",Not on Spotify,10/17,,,,,,,
Vinyl,,Forming Division,Bring Them Down / Move,Total Life Society Records,6/17,Total Life Society Records,check,"1, 2","rock, pop rock, alternative, experimental","Dinosaur Jr., Minutemen, Crystal Antlers, Sunburned Hand Of The Man, Scarcity of Tanks",Not on Spotify,10/17,,,,,,,
CD,,Order of the Wire Mother,Because Your Names Are Written In Heaven,Bumpy Records,6/17,Bumpy Records,check,"1, 2, 3, 4","Electronic, Experimental, Noise, Harsh Ambient","Pedestrian Deposit, Black Dice, Prurient, Wolf Eyes",Not on Spotify,10/17,,,,,,,
Vinyl,,Rational Cut,She Walks Alone,Total Life Society Records,6/17,Total Life Society Records,check,"1, 2","rock, pop rock, alternative, experimental","Bombon, Killer Dreamer, Flowers Destroy",Not on Spotify,10/17,,,,,,,
CD,X,Michael James,This Just In,self released,6/17,N/A,clean,all [EP],"jazz pop, folk, R&B","Curtis Mayfield, Steely Dan, Joao Gilberto",♡,10/17,,,,,,,
CD,,Blair Borax,The Color Green,self released,6/17,Pirate,2,"1, 9, 6, 3, 8","folk, pop, singer-songwriter","Adrianne Lenker, Hannah Cohen, Angel Olsen, Tomberlin, Skullcrusher, Katy Kirby, Angie McMahon",♡♡,10/17,,,,,,,
CD,,"Radwan Ghazi Moumneh, Frédéric D. Oberland",Eternal Life No End,Constellation,6/17,Constellation,clean,"1, 2, 5, 6","global, electronic, experimental","Jerusalem In My Heart, Oiseaux-Tempete, Maurice Louca",♡,10/17,Arabic,,,,,,
CD,,The Cords,The Cords,Slumberland Records,6/17,Slumberland Records,clean,"1, 2, 8, 13","indie pop, britpop, twee pop","Talulah Gosh, Dolly Mixture, Shop Assistants, Tiger Trap, The Aislers Set",♡♡,10/17,,,,,,,
digital,,ALANI,Somewhere Between Saying It [EP],self released,8/25,syndicate,5,"1, 4, 2","pop, r&b, singer-songwriter","Kate Denney, Ariana Fig, Drew Alexa, Ingrid Avison, Wyndolyn",♡♡,10/25,,,,,,,
digital,,Leon Bridges,Happiness Anytime Part 1 & 2 [EP],Columbia,8/25,syndicate,clean,"1, 4, 6, 7","smooth soul, contemporary r&b","Khruangbin, Aaron Frazer, GoldFord, Maggie Rogers, Ray LaMontagne",♡♡♡♡♡,10/25,,,,,,,
digital,,Mark Ciani,Utopia,self released,8/25,syndicate,clean,"1, 2, 4, 12","pop rock, indie rock, singer-songwriter","STiVER DiVER, Groceries, GO/DEC, Darcy Court, Franco Champs",♡,10/25,,,,,,,
digital,,"hey, nothing",Hound,Music Soup,8/25,syndicate,"3*, 9","2, 3, 11, 1","indie folk, indie rock, bedroom pop","Medium Build, Joe P, flipturn, slimdan, Ethan Regan, Edgehill, Jacklen Ro",♡♡♡♡,10/25,,,,,,,
digital,,Westside Cowboy,It Goes On,slowplay/Island,8/25,syndicate,8,"1, 3, 7, 11","alt-country, indie rock, windmill scene","Man/Woman/Chainsaw, This Is Lorelei, Yard Act, mary in the junkyard, Swapmeet",♡♡♡♡,10/25,,,,,,,
digital,,SSK,Suitcase,Muse Get,8/25,pirate,clean,"1, 2, 3","psychedelic rock, indie rock, singer-songwriter","King Gizzard and The Lizard Wizard, Queens of the Stone Age, Elephant Stone, The Black Angels, Ty Segall",♡,10/25,,,,,,,
digital,,Rufio,From The Outside [EP],Double Helix,8/25,pirate,4*,"1, 2, 3, 4","pop punk, emo, power pop","Motion City Soundtrack, The Starting Line, Cartel, The Ataris, Alkaline Trio, No Trigger",♡♡♡♡,10/25,,,,,,,
digital,,Moose Loon,Out on the Edge of Everything,self released,8/25,pirate,clean,"1, 3, 5, 10, 2","country, indie folk, singer-songwriter","Fruit Bats, The Shins, Kevin Morby, Fleet Foxes, The Barr Brothers, Hiss Golden Messenger",♡♡♡,10/25,,,,,,,
digital,,Public Opinion,The Curse of Public Opinion,SideOneDummy,8/25,pirate,"3*, 6*, 7*, 9*","5, 1, 4, 10","garage punk, alternative rock, pop punk","PUP, Fiddlehead, Militarie Gun, Joyce Manor, Turnstile, The Hives",♡♡♡,10/25,,,,,,,
digital,,Hot Flash Heat Wave,Butterfly in a Landslide,self released,8/25,pirate,7,"3, 9, 5, 1, 8","jangle pop, gothic rock, indie rock","The Drums, Post Animal, Inner Wave, Day Wave, DIIV, Surf Curse, Hunny",♡♡♡♡,10/25,,,,,,,
digital,,Citizen,Halcyon Blues,Run For Cover,8/25,pirate,clean,"1, 3, 7, 10, 2","emo, alternative rock, post-hardcore","Basement, Turnstile, Joyce Manor, Balance and Composure, Militarie Gun, Angel Du$t",♡♡♡♡,10/25,,,,,,,
digital,,Lost Fire,Weeds in the Astroturf,Bourgeois Dawg,8/25,pirate,3*,"4, 6, 10, 12, 3","indie rock, power pop","Superchunk, Sugar, Built To Spill, Widespread Panic, Dinosaur Jr , White Stripes, The Black Keys, The Stooges ",♡♡,10/25,,,,,,,
digital,,The Bandits,Pixelated Luv,Too Lost,8/25,pirate,10*,"2, 3, 1, 8, 7","synthpop, electronic, indie pop","Phoenix, Capital Cities, The Strokes, Cavetown, Porter Robinson, Passion Pit, RAC",♡♡,10/25,,,,,,,
digital,,Slow Joy,Esteban Flores,self released,8/25,pirate,clean,"5, 2, 8, 4, 10","alternative rock, emo, pop punk","Citizen, Bike Routes, Ultra Q, Militarie Gun, Silversun Pickups, Hot Mulligan, Hotline TNT",♡♡♡♡,10/25,,,,,,,
digital,,Brennan Wedl,Brennan Wedl,Anti-,8/25,pirate,13*,"11, 3, 7, 1, 12, 2","alt-country, indie rock","Waxahatchee, Liz Phair, Juliana Hatfield, Ratboys, Bully, Courtney Barnett",♡♡♡,10/25,,,,,,,
digital,,Your Jack,This One,Garden Gate,8/25,pirate,clean,"1, 7, 3, 8, 2","indie folk, americana","Deer Tick, Kevin Morby, Alex Cameron, Cut Worms, Dick Stusso, Father John Misty, Bonny Doon",♡,10/25,,,,,,,
digital,,Tommy WÁ,Hope Our Paths Cross,Dirty Hit,8/25,pirate,clean,"4, 5, 2","soul, singer-songwriter","Michael Kiwanuka, Obongjayar, The Lumineers, Ondara, Rhiannon Giddens, Leyla McCalla",♡♡♡,10/25,,,,,,,
digital,,Andre Cymone,The Resurrection of Funk,Blindtango,8/25,planetary,8,"14, 3, 4, 9","funk, new wave","Prince, Funkadelic, Sly & The Family Stone, Betty Davis",♡♡,10/25,,,,,,,
digital,,Gurriers,Nobody's Coming To Save You,Play It Again Sam,8/25,planetary,"6, 7","1, 2, 7","post-punk, noise rock, indie rock","Fat Dog, Mclusky, Gilla Band, SPRINTS, shame, Folly Group, Metz",♡♡♡♡,10/25,,,,,,,
digital,,"Alarra, Brother Hum",Two Human EP,self released,8/25,planetary,clean,"2, 3","dream-pop, indie-pop, alternative pop","Depeche Mode, Duran Duran, New Order, The Human League",♡,10/25,,,,,,,
digital,,Lightning Bug,In Between Things,In Real Life Music,8/25,planetary,clean,"2, 3, 4","indie rock, dream pop","Feist, Frankie Rose, Cat Power, Jessica Pratt, Boy Scouts, French for Rabbits, U.S. Girls",♡♡♡,10/25,,,,,,,
digital,,Jonas Bjerre,Hana Korea: Original Motion Picture Soundtrack,Invisible Hands Music,8/25,planetary,clean,15,"alternative rock, dream pop, indie pop, experimental rock","Bellows, gobbinjr, Angelo De Augustine, Flyte",♡♡,10/25,,,,,,,
digital,,Lorg,I Fell for Fantasy,self released,8/25,planetary,9,"1, 3, 8",indie pop,"SALES, Faye Webster, Wilby, sundayclub, Operelly",♡♡♡,10/25,,,,,,,
digital,,url,COLLECT CALLS 2 HEAVEN,B3SCI,8/25,planetary,"1, 4",1,"dreampop, pop, electronic","Nilufer Yanya, Rachel Chinouriri, Saya Grey, MUNA, Japanese House,",♡♡♡,10/25,,,,,,,
digital,,Personal Trainer,Human Assholes,Bella Union,8/25,planetary,10,"3, 5, 9, 13",indie rock,"Pip Blom, The Bug Club, Lime Garden, Sports Team, Beck",♡♡♡,10/25,,,,,,,
digital,,LUCY(Cooper B. Handy),COURTSIDE,self released,8/25,planetary,clean,single,"experimental pop, bedroom pop, art pop, indietronica","Nourished By Time, Jack Stauber, Jean Dawson, Water From Your Eyes, Portraits Of Tracy",♡♡♡,10/25,,,,,,,
digital,,Penelope Isles,3,Bella Union,8/25,planetary,clean,"1, 2, 9","indie rock, dream pop, noise pop","Angel Olsen, Piroshka, Melody’s Echo Chamber, Pom Poko, Black Country, New Road, Squid",♡♡♡,10/25,,,,,,,
digital,,Faker,Enjoy Your Problems,self released,8/25,planetary,4,"1, 5, 6","indie, soul, triphop"," Fat Dog, Yard Act, The Voidz, Inhaler, Iceage",♡♡♡♡,10/25,,,,,,,
digital,,Dave Barbarossa,Brass Climate,self released,8/25,planetary,clean,single,"jazz, funk","Adam and The Ants, Bow Wow Wow, The Rapture",♡,10/25,,,,,,,
digital,,The Womack Sisters,The Womack Sisters,Daptone Records,8/25,co-sign,clean,"4, 8, 5, 2","soul, R&B","ady Wray, Thee Sacred Souls, Sharon Jones, Aretha Franklin, Baby Rose, Solange, Durand Jones & The Indications, Ann Peebles",♡♡♡♡,10/25,,,,,,,
digital,,L'Rain,fata morgana,Mexican Summer,8/25,co-sign,clean,"6, 7, 8, 10","experimental pop, neo-soul","Yves Tumor, keiyaA, Kelsey Lu, Spirit of the Beehive, Nilüfer Yanya",♡♡♡♡,10/25,,,,,,,
digital,,ZAINAB,Canal View,Technicolour,8/25,co-sign,clean,"6, 4, 3, 2, 1","pop, techno, house","Carlita, Sofia Kourtesis, Chloe Caillet, Dar Disku, Acid Arab, Sami Galbi, DJ Habibeats",♡♡,10/25,,,,,,,
digital,,Ibibio Sound Machine,Chopping Mountain,Merge Records,8/25,co-sign,clean,"4, 5, 6, 8","funk, electronic, disco, post-punk","Obongjayar, ESG, Ibeyi, Charlotte Adigéry, KOKOKO!, Hot Chip, Sinkane",♡♡♡,10/25,,,,,,,
digital,,Actress,Radical Frame,Ninja Tune,8/25,co-sign,clean edits here,"4, 3, 6","house, electronic, experimental","Jump Source, Loraine James, Klein, Space Africa, Oneohtrix Point Never",♡♡♡♡,10/25,,,,,,,
digital,,Making Movies,This is a Photograph (bajo el sol de Panamá),3/2 Recordings,8/25,co-sign,clean,single,"indie rock, Latin rock, psychedelic rock","Chicano Batman, Combo Chimbita, Kevin Morby, Y La Bamba, Mdou Moctar, Boograins",♡♡♡,10/25,,,,,,,
digital,,The Durutti Column,Renascent,self released,8/25,co-sign,clean,"5, 8, 9","post-punk, ambient pop, art rock, dream pop","Brian Eno, Cocteau Twins, Talk Talk, Michael Rother, Julianna Barwick",♡♡♡♡,10/25,,,,,,,
digital,,Ambré,PEYOTE,Roc Nation Records,8/25,co-sign,edits here ,"5, 8, 9, 11","alternative R&B, neo-soul, contemporary R&B","Snoh Alegra, Ravyn Lenae, Orion Sun, UMI, Baby Rose, Nomi",♡♡♡♡,10/25,,,,,,,
digital,,Portraits Of Tracy,Q: From Where Do Our Primal Instincts Originate? A: MTV!,self released,8/25,co-sign,2,"2, 3, 4, 5","alternative R&B, art pop, neo-psychedelia, hip-hop, indie rock","Hemlock Springs, Chlothegod, Genesis Owusu, Rina Sawayama, spill tab, Kilo Kish",♡♡♡♡♡,10/25,,,,,,,
CD,,knitting,Souvenir,Mint,6/30,planetary,8,"5, 1, 3","indie rock, grunge, shoegaze","Wednesday, Sonic Youth, Pixies, Pavement, Slow Pulp, Hole, Nirvana",♡♡,10/30,,,,,,,
digital,,Saul Williams,Leap Life,Big Dada,9/1,co-sign,clean,"10, 2, 11, 5","alternative hip-hop, spoken word poetry, industrial hip-hop, experimental rock","Gil-Scott Heron, Moor Mother, Black Thought, A Tribe Called Quest, aja monet, Shabazz Palaces",♡♡♡♡,11/1,,,,,,,
digital,,Chinese American Bear,"Chinese American Bear - ""Dance Dance Dance (跳舞跳舞跳舞)",Moshi Moshi Records,9/1,co-sign,clean,"2, 4, 1, 3","mandopop, indie pop, synth-pop, neo-psychedelia","Saya Gray, Melody's Echo Chamber, Gelli Haha, Sunset Rollercoaster, Sycco, HONEYMOAN, TOPS, Caroline Rose",♡♡♡♡,11/1,,,,,,,
digital,,Interpol,This Mirror Weighs a Ton,Addie Wagenknecht,9/1,co-sign,clean,"3, 2, 1, 5",post punk,"The Strokes, The Walkmen, TV On The Radio, Fontaines D.C., Metric, Franz Ferdinand, Spoon",♡♡♡♡♡,11/1,,,,,,,
digital,,camoufly,Odyssey/Ultramoon/Himalaya,Technicolour,9/1,co-sign,clean,"1, 2, 3","trap, bounce, house, edm","salute, Pretty Girl, Carlita, yune pinku, Sam Alfred, Lawrence Hart",♡♡♡♡,11/1,,,,,,,
digital,,Jonathan Personne,Répertoire,à Bonsound,9/1,planetary,clean,"1, 7","indie rock, dream pop, neo-psychedelia","Corridor, Kurt Vile, Kevin Morby, Weyes Blood, Day Wave, Rolling Blackouts Coastal Fever, Real Estate, Sam Cohen",♡♡,11/1,,,,,,,
digital,,Bird,Heads or Tales,Bird Music Ltd,9/1,planetary,clean,5,"indie folk, contemporary Americana, acoustic, dream-pop","Haley Heynderickx, Mary Gauthier, Gillian Welch, Lucinda Williams, Sarah Jarosz, Sufjan Stevens, Anais Mitchell, Neko Case, Lana Del Rey",♡♡,11/1,,,,,,,
digital,,MX LONELY,PERFECT HOUSE,Julia's War Recordings,9/1,planetary,clean,"1, 3, 2, 4","heavygaze, shoegaze, alternative rock, grunge, and post-punk","TAGABOW, Sword II, Total Wife, Joyer, Cusp, Victoryland, Truth Club",♡♡♡,11/1,,,,,,,
digital,,Yoo Doo Right,"Doldrums, Doldrums, Eviler Than the Devil",self released,9/1,planetary,clean,single,"experimental rock, post-rock, krautrock, heavy psych, shoegaze","Population II, Hot Garbage, zouz, The Dharma Chain, Jonathan Personne",♡♡,11/1,,,,,,,
digital,,Always You,Against The World,Hit The North Records,9/1,planetary,clean,single,indie pop,"blebody, Beach Fossils, Pains of Being Pure at Heart, Wild Nothing, China Crisis",♡,11/1,,,,,,,
digital,,The Jins,It's All Over,604 Records,9/1,planetary,"1, 2, 3, 6, 7, 8, 10",1,"alternative rock, grunge, grunge revival","Hockey Dad, Dehd, Destroy Boys, Skegss, Sadcult, Julie",♡♡♡♡,11/1,,,,,,,
digital,,Tadpoles,Something Sparkly,self released,9/1,planetary,clean,single,"psychedelia, shoegaze, indie rock","Spacemen 3, Spiritualized, Brian Jonestown Massacre, Ride",♡,11/1,,,,,,,
digital,,The Afghan Whigs,Soft Control,Royal Cream,9/1,syndicate,3,"2, 4, 8, 1","alternative rock, grunge","Shearwater, Quicksand, Dinosaur Jr., Arab Strap, Sugar, The Twilight Singers",♡♡♡♡,11/1,,,,,,,
digital,,Mike D,Thank You,Capitol,9/1,syndicate,"2*, 4*, 5*, 6*, 12*, 13*","1, 2, 3, 9","neo-psychedelia, experimental hip-hop, EDM","Nick Zinner, Lilith Pearson, Mitch Sanders, James Ellis Ford, Sweeping Promises",♡♡♡♡,11/1,,,,,,,
digital,,The Linda Lindas,GOTTA GET OUT,Reprise,9/1,pirate,clean,"10, 2, 5, 4","indie rock, post-punk revival, pop punk","Bikini Kill, Best Coast, Scowl, Bleached, illuminati hotties, Pom Pom Squad, Winona Fighter, Bully",♡♡♡♡,11/1,some songs in spanish,,,,,,
digital,,Russian Circles,Nine,Sargent House,9/1,pirate,clean,"2, 3, 1, 7","post metal, atmospheric sludge metal","Mogwai, Mastodon, Tool, Sunn O))), Caspian, Pelican",♡♡♡♡,11/1,,,,,,,
digital,,Shearwater,The New World,self released,9/1,pirate,clean,"2, 3, 1, 9, 5","art rock, art pop, chamber pop","Matt Berninger, Okkervil River, Father John Misty, Loma, Lambchop, Ed O'Brien, Midlake ",♡♡♡♡,11/1,,,,,,,
digital,,Daisyhead,"If You Find It, Let Me Know",Smartpunk,9/1,pirate,7,"3, 5, 9, 2, 4","emo, alternative rock, emo pop","Citizen, Balance and Composure, Superheaven, Manchester Orchestra, Title Fight, Movements",♡♡♡,11/1,,,,,,,
digital,,Haircut 100,Boxing The Compass,October is Orange Ltd t/a Map of England,9/8,planetary,clean,"1, 2, 6","new wave, jazz, funk, rock","Squeeze, Modern English, The English Beat, Elvis Costello, XTC",♡♡♡♡,11/8,,,,,,,
digital,,Gordi,Nylon,Mushroom Music,9/8,planetary,clean,"1, 4","indie, folk, alternative","Bon Iver, Fenne Lily, Cloud Cult, Miya Folick, Gretta Ray, Jack River",♡♡♡♡,11/8,Ghanaian,,,,,,
digital,,Soft Loft,Throw The Dice,PIAS Recordings,9/8,planetary,4,"3, 6, 2","pop, indie pop","Porridge Radio, The Last Dinner Party, Big Thief, Florence + the Machine",♡♡♡,11/8,,,,,,,
digital,,Bayonne,Filters,self released,9/8,planetary,clean,"5, 6, 9, 4, 7","electronic, ambient, avant pop","Tame Impala, Twin Shadow, Mild High Club, Beach Fossils, Barrie",♡♡♡♡,11/8,,,,,,,
digital,,Bain Marie,I Liked Blue After You,B3SCI,9/8,planetary,5,"1, 4, 5","dembow, indie pop, R&B","Hannah Jadagu, Cassandra Jenkins, Rachel Chinouriri, Lizzie McAlpine, Al Menne, Leith Ross",♡♡♡,11/8,,,,,,,
digital,,Blind Yeo,The Lemoine Point,Bongo Joe,9/8,planetary,clean,"3, 6","psychedelic folk, krautrock, electronic","Babe Rainbow, Chinese American Bear, Rubblebucket, Mr Twin Sister",♡♡♡,11/8,,,,,,,
digital,,Late Again,I Dreamt I Was Awake,self released,9/8,planetary,6,"2, 3, 5",dream pop,"Still Woozy, Mac DeMarco, Peach Pit, Brainstory, BADBADNOTGOOD",♡♡♡♡,11/8,,,,,,,
digital,,Lucky,Take It,self released,9/8,planetary,clean,single,"indie, alt rock, pop","Winter, Soccer Mommy, Momma, Wishy, beabadoobee",♡♡♡,11/8,,,,,,,
digital,,WANDERERS,California State Of Mind,Yama-Nui Records,9/8,planetary,clean,single,"pop, soul, funk, rock","Parcels, Tom Misch, Nick Hakim, Anderson .Paak, Helado Negro",♡♡,11/8,,,,,,,
digital,,Toussaint Morrison,"Shpshftr, Vol. 1",Urban Home Companion,9/8,co-sign,edits,"1, 7, 11, 13","hip hop, alternative"," Dessa, Brother Ali, Atmosphere, Gabriel Teodros, Kendrick Lamar, Open Mike Eagle, Oddisee",♡♡♡,11/8,,,,,,,
digital,,Girl Ultra,RRRomeo,Big Dada,9/8,co-sign,clean,"2, 3, 5, 8","contemporary R&B, R&B","Kali Uchis, Angelica Garcia, Buscabulla, Empress Of, Divino Niño",♡♡♡♡,11/8,,,,,,,
digital,,Tara Lily,Break The Motion,Tru Thoughts,9/8,co-sign,clean,single,"alternative R&B, jazz, electronica, trip-hop, soul","muva of earth, Ego Ella May, Talvin Singh",♡♡♡,11/8,,,,,,,
digital,,Son Rompe Pera,Marimbazos De Oro,Mixto Records,9/8,co-sign,10,"4, 6, 7, 11","cumbia, punk, marimba","Chicha Libre, Meridian Brothers, Combo Chimbita, Los Bitchos",♡♡♡♡,11/8,,,,,,,
digital,,Mykki Blanco,Cafe Paradiso,Transgressive,9/8,syndicate,edits,"2, 1, 5, 6","art pop, contemporary r&b, pop rap","LA Priest, Jessy Lanza, Ibibio Sound Machine, Planningtorock, PVA",♡♡♡,11/8,,,,,,,
digital,,Blythe Woods,Rowan Wait Up [Single],self released,9/8,syndicate,clean,single,indie pop,"Hallworth, Lexi Bee, Kayla Lee, Malaika, Tinsley, Mel Fine",♡♡,11/8,,,,,,,
digital,,James Ivy,The Seams,FADER,9/8,syndicate,clean,"6, 3, 4, 1","indie rock, dream pop, art rock","venturing, Junior Mesa, Baileyrp, Hovvdy, Portraits of Tracy, Swapmeet",♡♡♡♡,11/8,,,,,,,
digital,,Water Damage,Repair,12XU,9/19,Shine On,clean,"1,2","experimental, electronica","David Grubbs, Weather Report, Wendy Eisenberg",♡♡,11/8,,,,,,,
digital,,Kate MacLeod's Mind the Gap,Home-Brewed,artmenius,9/22,Shine On,clean,"1,2","country, americana, folk","florry, Doc Watson, Rhiannon Gibbons",♡,11/8,,,,,,,
digital,,Black Bananas ,Eddie's Album,Fire,9/22,Shine On,clean,"1,2","electronica, eclectica, pop rock","Royal Trux, Yeah Yeah Yeahs, Warmduscher, Sweeping Promises, Dummy, Snooper, Night Beats",♡♡,11/8,,,,,,,
digital,,TRÍADA,Un Veneno,Verve,9/22,Shine On,clean,single,"folktronica, bossa nova, baroque pop"," First Aid Kit, Gal Costa, La Luz, XIXA, Beck, Jessica Pratt, The Head and the Heart, Mapache, Alice Phoebe Lou, Preservation Hall Jazz Band, Vetiver, Iron & Wine",♡♡♡,11/8,,,,,,,
digital,,The 4411,Haven't Seen You In So Long [EP],Cloverdale,9/22,syndicate,clean,"1, 4, 5","indie pop, indie rock, indie folk","The Braymores, Dipsea Flower, The Back Alley, hallpass, Cardinal Bloom",♡♡♡♡,11/22,,,,,,,
digital,,Haute & Freddy,Touch Touch [Single],Runaway Carnie,9/22,syndicate,clean,single,"synthpop, alt-pop","Rose Gray, METTE, Chloe Qisha, Cherry Bomb, Goldie Boutilier",♡♡♡♡,11/22,,,,,,,
digital,,Tokyo Tea Room,Feel Forever,Nice Guys,9/22,syndicate,clean,"1, 6, 4, 2","synthpop, indie pop","Night Tapes, coldroses, Meltt, Beach Vacation, Stray Fossa, Paradise Blossom",♡♡♡♡♡,11/22,,,,,,,
digital,,"Your Old Droog, Flying Lotus, Georgia Anne Muldrow",I Don't Care,Rem-U-Lak Records / Nature Sounds,9/22,co-sign,clean edit***,single,"hip hop, rap, boom bap","Madlib, Black Thought, MF Doom, billy woods, MAVI",♡♡♡♡,11/22,,,,,,,
digital,,Sylvan Esso,Ow ∞,Psychic Hotline,9/22,co-sign,clean version,"3, 11, 4, 7","alternative, electropop, indie, indie pop","Tune-Yards, Feist, Perfume Genius, Maggie Rogers, Vagabon, Little Dragon, Rostam, Jon Hopkins",♡♡♡♡,11/22,,,,,,,
digital,,BALTHVS,Manifest,Mixto Records,9/22,co-sign,clean,"9, 3, 6, 5, 2","psychedelic, funk, cumbia, surf rock","Khruangbin, Hermanos Gutierrez, The Olympians, Adrian Quesada",♡♡♡♡,11/22,,,,,,,
digital,,BAILEN,SWIM!!!,Briggs Hill Music,9/22,co-sign,edit**,"1, 4, 6","indie pop, indie rock, folk pop","Ratboys, Maggie Rogers, JOSEPH, Fruit Bats, Caroline Rose, Julia Jacklin, Middle Kids",♡♡♡♡,11/22,,,,,,,
digital,,Mackwood,Sammy,Tru Thoughts,9/22,co-sign,clean,single,"electronic, nu jazz, dance","Moses Boyd, corto.alto, Cesco",♡♡♡,11/22,,,,,,,
digital,,Charlotte Adigéry & Bolis Pupul,Googoo Gaga,Bounty & Banana,9/22,co-sign,clean,single,"electronic, pop, dance"," Deee-Lite, SAULT, Marie Davidson, Ela Minus",♡♡♡♡,11/22,,,,,,,
digital,,Resavoir,Above the Cloads,L'UNIVERS,9/22,co-sign,clean,"3, 12","experimental indie jazz, jazz fusion, contemporary jazz, ambient, indie pop","Makaya McCraven, Salami Rose Joe Louis, Ebi Soda, corto.alto, Carlos Niño, Duval Timothy, Shabaka",♡♡♡♡,11/22,,,,,,,
digital,,Talia Hilmi,MOON'S LADY,Talia Himli,9/22,planetary,edit**,5,"pop rock, alt, indie pop","Lizzy McAlpine, Olivia Rodrigo, Clairo, Lucy Dacus",♡♡♡,11/22,,,,,,,
digital,,Slow Rosary,Melanie,Slow Rosary,9/22,planetary,clean,single,"shoegaze, folk rock, indie","Alex G, Andy Shauf, Youth Lagoon, The Microphones",♡,11/22,,,,,,,
digital,,Sex Mask,Sex Mask,Unpopular Recordings,9/22,planetary,lockjaw clean,"3, 5","post punk, industrial rock, alternative","Yard Act, Genesis Owusu, Parquet Courts, EKKSTACY, Fat Dog",♡♡♡♡,11/22,,,,,,,
digital,,Gordi,Nylon,Mushroom Music,9/22,planetary,clean,"2, 4, 1, 3","folk, indie","Bon Iver, Fenne Lily, Cloud Cult, Miya Folick, Gretta Ray, Jack River",♡♡♡♡,11/22,,,,,,,
digital,,Antony Szmierek,Decoding Birdsong,Mushroom Music,9/22,planetary,"3, 6, 7, 9 ,11","1, 2, 5","spoken word, electronic, dance, hip hop","Porij, Sleaford Mods, Baxter Dury, The Streets, Faithless",♡♡♡♡,11/22,,,,,,,
digital,,C.O.F.F.I.N.,Out In Oslo,pdoomrecords,9/22,planetary,edit**,"2, 3, 5","surf rock, thrash, skate punk, hard rock","The Chats, Idles, White Reaper, Fucked Up, Viagra Boys",♡♡♡,11/22,,,,,,,
digital,,Freak Slug,Amulet,Future Classic,9/22,planetary,clean,"6, 9, 3",indie rock,"feeble little horse, Slow Pulp, Jay Som, Beabadoobee, Urika's Bedroom, Hana Vu, Mazzy Star",♡♡♡♡,11/22,,,,,,,
digital,,Jake Xerxes Fussell,The Old Beloved Path,Fat Possum Records,9/22,planetary,clean,"2, 5, 7","americana, folk, blues"," William Tyler, Willi Carlisle, Bill Callahan, Hiss Golden Messenger, Silver Jews",♡♡♡♡,11/22,,,,,,,
digital,,Saint Agnes,Your God Fearing Days Are About To Begin,Spinefarm Music Group,9/22,planetary,"6, 9","1, 2, 3","industrial rock, alt metal, metal, emo"," Twin Temple, Nine Inch Nails, Mannequin Death Squad, Queen Cult, Blondshell",♡♡♡,11/22,,,,,,,
Vinyl,,Zoh Amba,Eyes Full,Matador,8/4,pirate,clean,"3, 2, 6, 4, 7, 9","slacker rock, alt-country, noise rock","Waxahatchee, Big Thief, Courtney Barnett, Yoko Ono, Ratboys, Jessica Pratt, Joanna Newsom, Cate Le Bon",♡♡♡,12/4,,,,,,,
 Vinyl,,Lucas Gunn,You Shouldn't Try to Borrow Other People's Skin.,self released,8/4,N/A,clean,"2, 3, 4, 5","acoustic, indie folk","Barry Archie, Katie Spencer, Isasa, Andreya Triana, Jono McCleery",♡,12/4,,,,,,,
Vinyl,,William DeLee,Raynol Overlook,self released,8/4,N/A,clean,"5, 1, 6","acoustic, indie folk, guitar","Andrew Weathers Ensemble, rootless, Elijah McLaughlin Ensemble, Bosco and Jorge",♡,12/4,,,,,,,
CD,,Robyn Hitchcock,The Confuser,Tiny Ghost,8/22,Shine On,1,"2, 4, 6",art rock,"The Shins, Spiritualized, Sharp Pins, & The Clientele",♡♡♡,12/22,,,,,,,
CD,X,God of War,Molly's Picture,Julia's War,8/22,Planetary,5,"3, 7","phillycore, glitch, shoegaze","villagerrr, Teethe, @, untitled (halo)",♡♡♡,12/22,,,,,,,
CD,,Dren McDonald,Vox Pterous,Appearing Records,8/22,A man A plan A canal,clean,all [EP],"art rock, contemporary classical, minimalist","Lish Grooves, Abandoned Jukebox, Colin Chin",♡♡♡,12/22,,,,,,,
CD,X,Mr. Customer,T.G.I.F,Appearing Records,8/22,N/A,check,all [EP],"acid punk, heavy psych","The Ugly Kings, Boss Keloid, Merlin, Heavy Psych Sounds",Not on Spotify,12/22,,,,,,,
CD,X,Mallory Hawk,Chinook,self released,8/22,Terrorbird/Tigerbomb,clean,"3, 4, 5, 7","singer-songwriter, acoustic","Liz Phair, Squirrel Flower, Alanis Morissette, PJ Harvey, Alice in Chains",♡♡♡,12/22,,,,,,,
CD,,Panda Bear & Sonic Boom,A ? of WHEN,Domino,8/22,syndicate,clean,"5, 10, 9, 2","neo-psychedelia, art pop, baroque pop","Tonstartssbandht, Spacemen 3, Avey Tare, Cate Le Bon, Spectrum",♡♡♡,12/22,,,,,,,
CD,,Lost Fire,Weeds in the Astroturf,Bourgeois Dawg,8/22,Pirate!,3,"4, 6, 10, 12",Indie,"Patchwork Dots, Pawn Shop Radios, Michael Waters",♡,12/22,,,,,,,
CD,,"Lee ""Scratch"" Perry & Mouse on Mars ","Spatial, No Problem.",Domino,8/22,shine on,clean,"1, 2, 7","electronic, reggae, experimental","George Clinton, Aphex Twin, Tortoise, Squarepusher, Bob Marley",♡♡♡♡,12/22,,,,,,,
CD,,The Clog,The Clog,self released,8/22,N/A,check,"1, 3","punk, experimental, freak folk","George Albert Carpenter, Human Image, Female Genius",♡,12/22,,,,,,,
CD,,Pseudo Desnudo,your body in flight,Amphibianfinite,8/22,N/A,clean,"1, 5, 2","post-punk, slacker rock, indie","Zero Percent APR, Froogy's Groovies, Bird Names, Itchy Bugger",♡,12/22,,,,,,,
CD,,Magi Merlin,POWER HOUSE,ONErpm,8/22,planetary,edits,"8, 2, 4, 11","R&B, neo-soul, hip-hop, indie pop, electronic ","Joyce Wrice, AlunaGeorge, Anderson .Paak, KAYTRANADA",♡♡♡♡,12/22,,,,,,,
CD,,Jennifer Koh,The American Concerto,Cedille Records,8/22,Shuman Public Relations,clean,all,contemporary classical,"Phillip Glass, Aaron Copeland",♡♡,12/22,,,,,,,
CD,,Chanel Beads,Your Day Will Come,Jagjaguwar,8/22,secretly,"2, 5, 6, 8, 11","3, 4, 7",cloud rock,"YHWN Nailgun, ear, Oklou, underscores, Alex G meets Dean Blunt",♡♡♡♡,12/22,,,,,,,
Vinyl,x,Cuticles,More Joy,Siltbreeze Records,8/22,N/A,check,,"indie rock, alt punk, philly","Sharp Pins, Bill Orcutt, DiCaprio",♡,12/22,,,,,,,
Vinyl,x,Super Bonanza,Days of Gold,self released,8/22,N/A,check,"2, 5, 7","goth rock, punk","MC5, Morphine, Nick Cave, Iggy Pop",♡♡,12/22,,,,,,,
CD,,Leila Henry,How to Let Go,Glitter Milk Records,8/22,Shine On,clean,"1, 2, 7, 4, 11","indie, baroque pop, country","Brittany Howard, Shannon and the Clams, Say She She, Dirty Projectors",♡,12/22,,,,,,,
CD,,sundayclub,SUNDAYCLUB,Paper Bag Records,8/22,planetary,8,"7, 2, 3, 4","dream pop, indie pop, indie rock","Day Wave, Hippo Campus, Vacations, Ducks Ltd, Famous Friend, Video Age, Double",♡♡♡,12/22,,,,,,,
CD,,Swapmeet,Mount Zero,Winspear,8/22,planetary,"7, 9 ","1, 4, 5, 7","indie rock, slacker rock, grunge","Wet Leg, Elastica, Mannequin Pussy, Slow Pulp, Momma",♡♡♡,12/22,,,,,,,
CD,,The Degray Effect,Why Not?,Timezone Records,8/22,Degray Publishing,check,2,"goth rock, punk,","Marquee Moon, Odysseyes, ORR",♡,12/22,,,,,,,
CD,x,Mid Sentence,Please Be There When I Come Home,self released,8/22,N/A,clean,6,"indie rock, punk rock","Magic Crawfish, Baby in the 90s, Mock Bishop, Painted Light",♡♡,12/22,,,,,,,
Vinyl,,Paper Pools,Everything,Twelve Twenty Two Records,8/22,N/A,check,"1, 4, 8","dream pop, electronica, indie rock","Slowdive, Slow Pulp, Sweet Trip",♡♡,12/22,,,,,,,
CD,,Laurie Larson,,self released,8/22,N/A,clean,all,"experimental, cloud folk, baroque pop","Betty Hammerschlag, Ear, Pheobe Bridgers",♡,12/22,,,,,,,
CD,,Shawn Bediako,Iconoclast,StraightPath Creative Arts,8/22,N/A,clean,"2, 4, 5",experimental hip hop. underground rap,"Del the Funky Homosapien, J Live, Helixx C. Arnageddon, Dudley Perkins",♡,12/22,,,,,,,
CD,,Times New Rita,Periphery,self released,8/22,N/A,clean,"5, 1, 2","indie pop, indie rock","Iona Summer, Vanessa Moussa, Ashley Dylan, Cat Merkle",♡,12/22,,,,,,,
CD,x,Adam Brodsky,American Epitaph,Permanent Records,8/22,N/A,check,"1, 6, 9","folk, folk punk, acoustic","AJJ, Bob Dylan, Jim Croce",♡,12/22,,,,,,,
CD,x,Problem Addict,Live From the Emergency Room,Dummesy Records,8/22,Discipline,"1, 4, 9",6,"punk, noise rock","The Armed, The Osees, The Addicts",♡,12/22,,,,,,,
CD,,Nora Kelly Band,So Wrong for So Long,Mint Records,8/22,Planetary,clean,"3, 4, 5","Slacker, Indie, Country","Neko Case, Big Thief, Lucinda Williams",♡♡,12/22,,,,,,,
CD,,The Thugs,Mighty Tiger Dubs,Aagoo Records,8/22,N/A,clean,all,"electronic, psychedelic, reggae","Quasi Dub Development, STA, Jeff Dread, Laurie Larson",♡,12/22,,,,,,,
CD,,Modern Silent Cinema,Flesh Mother ,Bad Channels Records,8/22,N/A,check,"3, 5, 8","doom, psychedelic, noise","Boris, Michio Kurihara, Basho, Agriculture",Not on Spotify,12/22,,,,,,,
CD,,Garretson and Gorodetsky,Sunshine and Cyanide,Catsonic Records,8/22,Shine On,1,"2, 4","no wave, country","Kim Gordon, ESG, James Chance, Gina Birch",♡,12/22,,,,,,,
CD,,Johnny Society,Hope Machine,Old Soul Records,8/22,Shine On,clean,"2, 3, 10","yacht rock, pop rock","Lemon Twigs, Flaming Lips, Grandaddy",♡,12/22,,,,,,,
CD,,Joe Goodkin,Winedark Life,Quell Records,8/22,Shine On,clean,"2, 4, 6","folk, folktronica, chamber pop","Califone, Iron and Wine, M. Ward",♡,12/22,,,,,,,
CD,,Loco Domingo,Immigrant Beats,s/r,8/22,N/A,clean,"4, 7",dance,"Steely Dan, The Weeknd, LCD Soundsystem",♡,12/22,,,,,,,
CD,,brinq,pinq,general manager,8/22,N/A,check,all,"electronic, ambient, dance","Lord RAJA, Bad Blocks, Acopia, Lila, Cubenx",Not on Spotify,12/22,,,,,,,
Vinyl,,Night of the Hunters,Night of the Hunters,Curious Electricity,8/22,N/A,check,"2, 5","darkwave, gothtronica","Throbbing Gristle, Chris and Cosey",Not on Spotify,12/22,,,,,,,
CD,x,Floating,La Di Da,s/r,8/22,N/A,check,"1,3",indie rock,"Daisychain, Sundaughter, Grolixes",♡♡,12/22,,,,,,,
digital,X,The Extensions,Modern Vice,Mint 400,8/25,pirate,clean,"1, 8, 5, 6","indie rock, indie pop","Spoon, Elvis Costello & The Attractions, Matthew Sweet, Father John Misty, Death Cab For Cutie",♡,12/25,,,,,,,
digital,,Blondshell,Violins,Partisan Records,9/29,co-sign,clean,"2, 11, 1, 6","alt rock, indie rock","Liz Phair, Momma, Girlpool, Lush, Snail Mail, Samia, Squirrel Flower, Bully",♡♡♡♡,11/29,,,,,,,
digital,,Hermanos Gutiérrez,Los Ojos Del Cóndor,Easy Eye Sound,9/29,co-sign,clean,"7, 9, 1, 2","latin, surf rock, folk","LA LOM, Cuco, Grupo Fantasma, Khruangbin, Augustin Lara, Tim Bernardes",♡♡♡♡♡,11/29,,,,,,,
digital,,Quadeca,Life 1,X8 Music,9/29,co-sign,edits here,"1, 2, 10, 11","experimental, hip-hop, folktronica, art pop","Frank Ocean, Jean Dawson, Danny Brown, Tyler the Creator, Mk.gee, Toro y Moi",♡♡♡♡,11/29,,,,,,,
digital,,RIP Magic,"1,2,3",section 1,9/29,co-sign,edits!,"3, 5, 11, 12","dance-punk, electropunk, alternative, dance","bar italia, Holy Fuck, Kim Gordon, PVA, Fcukers, Water From Your Eyes",♡♡♡,11/29,,,,,,,
digital,,Mascolo,LongTime,Counter Records,9/29,co-sign,clean,single,"electronic, house, dance, indie","Amtrac, CRi, Kasbo",♡♡♡♡,11/29,,,,,,,
digital,,corto.alto,SOME SMALL FORTUNE,Ninja Tune,9/29,co-sign,edits,"2, 3, 7, 10, 14, 15","nu jazz, dub, hip-hop","BadBadNotGood, Alfa Mist, Robert Glasper, Kamasi Washington",♡♡♡♡,11/29,,,,,,,
digital,,Adult DVD,Adult DVD,Fat Possum,9/29,planetary,edits,"5, 6, 11, 12","indie rock, dance punk, electronic","Fat Dog, Viagra Boys, Yard Act, Sprints, Idles, Sleaford Mods, Happy Mondays, Fatboy Slim",♡♡♡♡,11/29,,,,,,,
digital,,smallie,Through Line,B3SCI,9/29,planetary,5,4,"indie, singer songwriter, folk","This is Lorelei, villagerrr, Swapmeet, Wishy, Dutch Interior, Force Model",♡,11/29,,,,,,,
digital,,YAGKI,Sleepwalking,self-released,9/29,planetary,clean,38753,"pop, emo, rock","Shura, Caroline Polachek, Grimes, Joji, EDEN, Billie Eilish",♡♡♡,11/29,,,,,,,
digital,,Starpainter,Cayenne Flowerbed,Ram On Records,9/29,planetary,clean,38020,"folk rock, alt country, indie rock","Noah Kahan, Hawksley Workman, Kacey Muskgraves, Skydiggers, Lord Huron",♡♡♡,11/29,,,,,,,
digital,,Gilla Band,Pugnello,Rough Trade Records Ltd,9/29,planetary,"1, 2, 5, 8, 9","3, 6, 7, 10","noise rock, post punk, industrial rock","Model/Actriz, The Armed, Mandy Indiana, Xiu Xiu, Nine Inch Nails, Fat Dog, HEALTH, MSPAINT",♡♡♡♡,11/29,heavy and good. highly recommend ,,,,,,
digital,,Archive,Not In My Name,Dangervisit,9/29,planetary,clean,single,"trip hop, progressive rock, electronic, post-rock","Thom Yorke, Other Lives, Massive Attack, Hot Chip, UNKLE, The Postal Service",♡♡♡♡,11/29,,,,,,,
digital,,Lelia,Hair,self-released,9/29,planetary,edit,single,"trip hop, electronic, pop","Phantogram, Metric",♡,11/29,doesnt rlly come up use this link: https://open.spotify.com/track/3ldgb0cb8FH4IAQnCM91PV?si=fbd5c6217a484fb3,,,,,,
digital,,Damma Damma,Low Buildings,Silver Arrow Records,9/29,planetary,clean,,"psychedelic, instrumental, rock","Tropical Fuck Storm, Psychedelic Porn Crumpets, Allah-Las, GUM, Pond, Frankie and the Witch Fingers",♡,11/29,,,,,,,
digital,,Wishy,Nature's Pill,Winspear,9/29,planetary,46025,"1, 3, 6, 7","dream pop, shoegaze, pop","Momma, Been Stellar, Joyer, Steel Wool, This is Lorelei, Friko, Honeyglaze, Wednesday",♡♡♡♡,11/29,,,,,,,
digital,,Noel McKay,Songs About Bad People,McKay ,9/29,shine on,clean,"1, 3","country, folk, murder ballads","Nick Cave, Willie Nelson, Ed Snodderly, Jackson Emmer",,11/29,,,,,,,
digital,,Betty Hammerschlag,Psycho Summer,Drowned By Locals,9/29,,,,,,,11/29,,,,,,,
digital,,Slow Pulp,Melodie,Anti-,9/29,pirate,3*,"3, 5, 4, 6, 9","indie rock, slacker rock, noise pop","Soccer Mommy, Snail Mail, MUNA, Alex G, Japanese Breakfast, Momma, Wishy",♡♡♡♡♡,11/29,,,,,,,