Research Project,Original Audio,3
chanel beads,Your Day Will Come,3
Black Nile,Indigo Garden,3
Feed Dogs,I HATE MUSIC,2
L'Rain,fata morgana,2
Ibibio Sound Machine,Chopping Mountain,2
Slow Pulp,Melodie,2
Ear,Rumspringa,1
Standing on the Corner,"Standing on the Corner ""II""",1
Movietone,Phonograph Space,1
abdul,Asi,1
abdul,U-Turn,1
Sylvan Esso,Ow ∞,1
1-800-Mikey,In Yun,1
The Linda Lindas,GOTTA GET OUT,1
Jonathan Personne,Répertoire,1
Josephine's Next Million Miles,Buckle Up,1
bl7anket,Seven Eight Nine,1
Goldie& Natalie Williams,Jungle Daze,1
The Durutti Column,Renacent,1
Noel McKay,Songs About Bad People,1
Jeff Parker& Chris Speed,- single -,1
Anna Butterss,Begininngless,1
Jessica Ackerley,All The Colors Are Signing,1
anna webber,It's Easier To Imagine The End of the World,1
myra melford\fire and ice,sure grand out,1
Dave Holland,Freedom Call,1
André Cymone,The Resurrection of Funk,1
BALTHVS,Eternal Flow,1
Slow Rosary,Melanie,1
Dj Cinéma Quartier Latin,Bruise,1
Rodrigo y Gabriela,OurHome,1
Making Movies& Kevin Morby,This is a Photograph (bajo el sol de Panamá),1
Chinese American Bear,Dance Dance Dance (跳舞跳舞跳舞),1
Son Rompe Pera,Marimbazos De Oro,1
Freak Slug,If I Could,1
Car Seat Headrest,Teens of Denial,1
Citizen,Halcyon Blues,1
Wednesday & Andy Loebs,Bleeds (Deluxe),1
Porter Robinson,Perfect Pinterest Garden - Ninajirachi & underscores Remix,1
Cicada,Crystal Teeth World Tour,1
Betty Hammerschlag,Psycho Summer,1
Gordi,Nylon,1
The Clog,The Clog,1
SUSS,Counting Sunsets,1
MATERPÆL,For alt& der ikke er væk,1
Diabolatry,Spiked Cudgel,1
Tombstalker,Chaos Monolith,1
Panopticon,Det Hjemsøkte Hjertet,1
Epitaphe,III,1
Friko,Something Worth Waiting For,1
Zoh Amba,Eyes Full,1
William Delee,Raynol Overlook,1
Lucas Gunn,You Should'nt Try To Barrow Other People's Skin.,1
Nicholas Payton& Butcher Brown,A Supreme Blue,1
Prude,Domestic Dystopia,1
filthy sensor,unreleased,1
Interpol,This Mirror Weighs a Ton,1
Dinosaur Jr.,There Near,1
C.O.F.F.I.N.,Out In Oslo,1
Ninajirachi& Porter Robinson,WannaCry,1
Chastity & Yaahn Hunter Jr,Let Go,1
Huntertones,Transmission,1
Elements Of Life& Louie Vega feat. Lisa Fischer,Soar,1
Nine Sparks Riots,Orca,1
Immanuel Wilkins,The Complete Live at the Village Vanguard,1
Paul Giess,Mirage at Ceurta,1
Tyshawn Sorey,Members…Don't,1
Iyer& Threadgill& Prieto,Fifteen,1
Kevin Diehl - Airlift,Spatial\Recognition,1
Kevin Diehl - Onilu,Jakuta's Dance,1
Ilaria Capalbo,The Brightest Sun,1
Devra Hoff,Baile as Baile,1
Janel Leppin,The Realist,1
Anna Butterss,Beginningless,1
