CD + digital,LOCAL,ARTIST,ALBUM,Label,ADDED,promoter,FCC Warnings,Rec. Tracks,GENRE,RIYL,Rating/predicted popularity,approx. REMOVE DATE
,,Angel Olsen,Whole New Mess,Jagjaguwar,9/1/2020,,,"6, 9, 1","Folk, Singer-Songwriter",her last album but want something a little different,★★★,11/1/2020
,,Corey Flood (LOCAL!!!),Hanging Garden,Fire Talk,9/1/2020,,,"1, 4, 2, 5","Indie Rock, Post-Punk","Helium, Liz Phair, Shady Bug, Ian Sweet",★★★★,11/1/2020
,,Dream Nails,Corporate Realness,Dine Alone,9/1/2020,,6,"7, 2, 15, 8",Garage Punk,"The Beths, illuminati hotties, CHAI",★★★,11/1/2020
,,Godcaster (LOCAL!),Long Haired Locusts,Ramp Local,9/1/2020,,,"2, 3, 5, 6, 7,11","Art Rock, Experimental Rock","Of Montreal, Deerhoof, Guerilla Toss",★★★★★,11/1/2020
,,Jyoti,"Mama, You Can Bet!",eOne/SomeOthaShip Connect,9/1/2020,,,"15, 13, 7, 5, 1","Nu Jazz, Psychedelic Soul","Jamila Woods, Erykah Badu, Jill Scott",★★★,11/1/2020
,,Margaret Chavez,Into An Atmosphere,We Know Better/State Fair,9/1/2020,,,"3, 2, 7","Indie Rock, Indie Folk","Jim James, Father John Misty, Phosphorescent",★★★,11/1/2020
,,The Front Bottoms,In Sickness & In Flames,Fueled By Ramen,9/1/2020,,"3, 11 (clean edits avail.)","5, 9, 2, 1","Indie Rock, Power Pop","Joyce Manor, Modern Baseball",★★★,11/1/2020
,,Vusi Mahlasela,Shebeen Queen,ATO,9/1/2020,,,"3, 5, 7, 2, 11",Singer-Songwriter,"Hugh Masekela, Mahotella Queens, Orchestra Baobab",★★,11/1/2020
,,Widowspeak,Plum,Captured Tracks,9/1/2020,,,"1, 3, 4","Dream Pop, Indie Pop","Barrie, Wild Nothing, Beach House",★★★★,11/1/2020
,,Bill Callahan,Gold Record,Drag City,9/8/2020,,,"1, 4, 2","Singer-Songwriter, Folk, Americana","Bonnie “Prince” Billy, Purple Mountains, Aldous Harding",★★★,11/8/2020
,,Blonde Redhead,Melody Of Certain Damaged Lemons (reissue),Touch and Go,9/8/2020,,,"11, 2, 7, 5","Indie Rock, Art Rock","Deerhunter, Low, Stereolab, Sufjan Stevens",★★★,11/8/2020
,,Dirty Projectors,Super João,Domino,9/8/2020,,,1,Indie Folk,"Arthur Russell, Animal Collective, Deerhunter",★★★,11/8/2020
,,Lawn,Johnny,Muscle Beach,9/8/2020,,"2, 3, 4, 7","5, 1, 6, 9",Indie Rock,"Wire, The Clean, Pavement, BODEGA",★★★,11/8/2020
,,Lomelda,Hannah,Double Double Whammy,9/8/2020,,,"2, 4, 7, 9","Indie Rock, Indie Folk","Florist, Hovvdy, Alex G",★★★,11/8/2020
,,Mike Gordon & Leo Kottke,Noon,ATO,9/8/2020,,,"3, 11",Folk,,★★,11/8/2020
,,Nelson Dialect & Nu Tone,Opal Mind,Low Key Source,9/8/2020,,"2, 9, 12","4, 5","Hip-Hop, Alternative Hip-Hop","The Streets, El-P, Atmosphere",★★,11/8/2020
,,Peter Bibby's Dog Act,Marge,Spinning Top,9/8/2020,,"1, 2, 3, 5, 6, 7, 9, 10","4, 8, 11, clean edit of 2","Indie Rock, Garage Rock","Jay Reatard, The Black Lips",★★★,11/8/2020
,,Samia,The Baby,Grand Jury,9/8/2020,,,"2, 10, 8","Bedroom Pop, Indie Folk, Singer-Songwriter","Soccer Mommy, Frankie Cosmos, Big Thief",★★★,11/8/2020
,,Tricky,Fall to Pieces,False Idols,9/8/2020,,5,"4, 7, 1, 6, 10","Trip Hop, Ambient Pop","Massive Attack, DJ Shadow, Portishead",★★★,11/8/2020
,,AstralBlak,Space & Time EP,Sound Vérité,9/15/2020,,,,"Jazz, R&B, Funk","Kamasi Washington, Robert Glasper, Terrace Martin",★★★,11/15/2020
,,Coupons,Up & Up,Counter Intuitive,9/15/2020,,"1, 9, 11, 14 (clean edits avail.)","2, 5, 4","Indie Rock, Alternative Rock, Emo","The Front Bottoms, Foxing, Retirement Party",★★★,11/15/2020
,,El Ten Eleven,Tautology,Joyful Noise,9/15/2020,,,"I: 1, 2, 3 II: 2, 3, 6 III: 3, 5, 6","Post-Rock, Math Rock, Post-Hardcore","Maserati, The Album Leaf, Tortoise",★★★★,11/15/2020
,,Ellen Andrea Wang,Closeness,Ropeadope,9/15/2020,,,,Jazz,"Lianne LaHavas, Esperanza Spalding",★★,11/15/2020
,,Jimmy Heath,Love Letter,Verve Records,9/15/2020,,,,Jazz,"Kenny Durham, Horace Silver, Harold Land",★★,11/15/2020
,,Le Couleur,Concorde,Lisbon Lux,9/15/2020,,,"2, 4, 3, 1","French Pop, Synthpop","Melody's Echo Chamber, Stereolab, Serge Gainsbourg",★★★★,11/15/2020
,,NAEEM (Philly Native),Startisha,37d03d,9/15/2020,,"2, 3, 4, 5, 7, 9*","clean edit of 9,","Hip-Hop, Alternative Hip-Hop","Swamp Dogg, Amanda Blank, Velvet Negroni",★★,11/15/2020
,,Naked Giants,The Shadow,New West,9/15/2020,,"5, 8","2, 3, 9, 10, 1, 4","Garage Rock, Garage Punk, Surf Punk","FIDLAR, Vundabar, Ty Segall, Harlem",★★★★,11/15/2020
,,Oh Sees,Protean Threat,Castle Face,9/15/2020,,"4, 7","2, 9, 5, 8, 13","Garage Rock, Garage Punk","Ty Segall, King Gizzard & The Lizard Wizard, White Fence, CAN",★★★★★,11/15/2020
,,Sly5thAve,What It Is,Tru Thoughts,9/15/2020,,"3, 5, 11 (clean edits avail.)","3, 1, 5, 11","Hip-Hop, Jazz Rap","Kaytranada, Black Milk, Little Dragon, The Internet",★★★,11/15/2020
,,Uniform,Shame,Sacred Bones,9/15/2020,,"1, 3, 4, 5, 8","2, 6, 7","Industrial Metal, Noise Rock","Godflesh, Pharmakon, Youth Code, Full of Hell",★★★,11/15/2020
,,Ahomari,Girl Kiss II,Quiet Year,9/22/2020,,"3, 4, 2, 7","5, 6, 8","Exp. Pop(?), Ambient Pop, Art Pop","Yves Tumor, serpentwithfeet, Perfume Genius, Body Meat",★★,11/22/2020
,,Anjimile,Giver Taker,Father/Daughter,9/22/2020,,,"2, 3, 6, 8","Ambient Folk, Art Pop","Arlo Parks, Sufjan Stevens, Myles Cameron",★★,11/22/2020
,,BRANDY,The Gift of Repetition,Total Punk,9/22/2020,,1 (@ ~1:48),"3, 1*, 7",Garage Punk,"Jay Reatard, The Chats, Heavy Lungs, Gnarcissists",★★★★,11/22/2020
,,Butcher Brown,#KingButch,Concord Jazz,9/22/2020,,,"4, 2, 5, 7",Jazz / Funk,"The Budos Band, Kamaal Williams, D'Angelo, J Dilla",★★★,11/22/2020
,,Death Bells,New Signs of Life,Dais,9/22/2020,,,"1, 3, 6","Post-Punk, Dream Pop","Iceage, Interpol, Shame, Protomartyr",★★★,11/22/2020
,,Deradoorian,Find the Sun,ANTI-,9/22/2020,,,"2, 3, 4, 7, 9","Psychedelic Rock, Krautrock, Art Pop, Exp. Pop","Dirty Projectors, No Joy, Ohmme, I Break Horses, Tune-Yards, Bat For Lashes",★★★★,11/22/2020
,,Jealous of the Birds,Peninsula,Canvasback,9/22/2020,,,"2, 1, 7, 4, 11, 12","Indie Pop, Indie Rock",,★★,11/22/2020
,,St. Panther,These Days,Nice Life,9/22/2020,,all tracks - clean edits on server!,"1, 2, 3, 4",Hip-Hop / R&B / Soul,"Anderson .Paak, Mac Miller, Erykah Badu, Ric Wilson",★★★,11/22/2020
,,Sundressed,Home Remedy,Rude,9/22/2020,,"6, 7, 8","1, 5, 3 (and clean edits of 6, 7)","Emo, Indie Rock","Dogleg, Modern Baseball, Weezer, PUP, The Hotelier, Blink-182",★★★,11/22/2020
,,The Asteroid No. 4,Northern Songs,Little Cloud / Cardinal Fuzz,9/22/2020,,,"7, 3, 8","Neo-Psychedelia, Psychedelic Rock","White Fence, Wooden Shijps, The Warlocks, The Telescopes",★★★,11/22/2020
,,A Certain Ratio,ACR Loco,Mute,9/29/2020,,,"3, 5, 8","Post-Punk, Dance Punk","New Order, LCD Soundsystem, Joy Division, Franz Ferdinand, Wire, Talking Heads",★★★,11/29/2020
,,Action Bronson,Only for Dolphins,Loma Vista,9/29/2020,,please just use the clean edits,"4, 1, 3, 5, 9","Hip Hop, Abstract Hip Hop","Ghostface Killah, Danny Brown, Freddie Gibbs, Flatbush Zombies, The Alchemist",★★★★,11/29/2020
,,Bob Mould,Blue Hearts,Merge,9/29/2020,,"2, 3","5, 7, 8 (and clean edit of #3)","Alternative Rock, Punk Rock","Husker Du, Superchunk, Redd Kross, Archers of Loaf, Greg Dulli, Dinosaur Jr.",★★★,11/29/2020
,,Cigarettes for Breakfast (LOCAL),Aphantasia,Self-Released,9/29/2020,,,"3, 4","Shoegaze, Post-Rock","Nothing, My Bloody Valentine, DIIV, Whirr & Jesu",★★★★,11/29/2020
,,Emma Kupa,It Will Come Easier,Fika Recordings,9/29/2020,,,"7, 1, 3, 4","Indie Folk, Indie Pop","Frankie Cosmos, Courtney Barnett, Julia Jacklin, Phoebe Bridgers",★★★,11/29/2020
,,IDLES,Ultra Mono,Partisan,9/29/2020,,"2, 3, 6, 10 (clean edits avail.)","6, 2, 3, 1","Post-Punk, Noise Rock","Shame, Protomartyr, Ought, The Twilight Sad, Savages, The Jesus Lizard",★★★★★,11/29/2020
,,Jai'len Josey,Illustrations,Self-Released,9/29/2020,,,"2, 3, 4","R&B, Neo-Soul","Beyoncé, Solange, SZA, Kelela, Sampha, Chloe x Halle",★★,11/29/2020
,,Mildlife,Automatic,Heavenly,9/29/2020,,,"1, 2",Jazz-Funk,"The Babe Rainbow, Tame Impala, Unknown Mortal Orchestra",★★★,11/29/2020
,,Mint Field,Sentimiento Mundial,Felte,9/29/2020,,,"2, 3, 4, 5, 7","Dream Pop, Shoegaze","Warpaint, Cate Le Bon, Broadcast",★★★★,11/29/2020
,,Nana Adjoa,Big Dreaming Ants,Bloomer,9/29/2020,,2,"8, 3, 1, 4, 9",Indie Pop,"Sharon Van Etten, Lianne La Havas, St. Vincent, Feist, Miya Folick",★★★,11/29/2020
,,Pillow Queens,In Waiting,Self-Released,9/29/2020,,6,"3, 1, 5, 2, 9",Indie Rock,"Girl Friday, The Beths, St. Vincent, SOAK, Big Thief",★★★,11/29/2020
,,Steve Arrington,Down To The Lowest Terms: The Soul Sessions,Stones Throw,9/29/2020,,,"10, 5, 7, 2, 9","Synth Funk, Neo-Soul","Slave, Heatwave, Thundercat, Funkadelic, George Clinton",★★★,11/29/2020
,,Tim Heidecker,Fear of Death,Spacebomb,9/29/2020,,6 (clean edit avail.),"4, 8, 6, 12",Pop Rock,"Wilco, Bill Callahan, Silver Jews, Destroyer, Pavement, Conor Oberst & Cass McCombs",★★★,11/29/2020
,,Vacations,Forever In Bloom,No Fun,9/29/2020,,,"7, 10, 11","Indie Pop, Jangle Pop","Miami Horror, Neon Indian, Wild Nothing, BOYO, Com Truise",★★★,11/29/2020
,,Wax Chattels,Clot,Captured Tracks,9/29/2020,,,"2, 4, 6","Noise Rock, Post-Punk","Drahla, Ganser, Black Midi",★★★★,11/29/2020
,,Death Valley Girls,Under the Spell of Joy,Suicide Sqeeze,10/6/2020,,,"11, 3, 8, 2, 6",Garage Rock,"Bully, Sheer Mag, Coathangers, Ty Segall, Sleater-Kinney, Priests",★★★★,12/6/2020
,,Elvis Perkins,Creation Myths,MIR,10/6/2020,,,"8, 2, 4, 9",Indie Folk,"Harry Nilsson, A.A. Bondy, Cass McCombs, Bonnie ""Prince"" Billy, Bill Callahan, Dr. Dog",★★★,12/6/2020
,,Frankie and the Witch Fingers,Monsters Eating People Eating Monsters...,Greenway / The Reverberation Apprecation Society,10/6/2020,,,"1, 3, 4, 9","Psychedelic Rock, Garage Rock, Krautrock","Osees, Ty Segall, King Gizzard and the Lizard Wizard",★★★★,12/6/2020
,,Ikotu,Impenetrable Glass EP,SVNSET WAVES,10/6/2020,,,,"Instrumental, Beat Tape,","ZHU, Zack Villere",★★★,12/6/2020
,,METZ,Atlas Vending,Sub Pop,10/6/2020,,,"2, 5, 10",Noise Rock,"Cloud Nothings, Protomartyr, Preoccupations, Women, Steve Albini",★★★★★,12/6/2020
,,Optic Sink,Optic Sink,Goner,10/6/2020,,,"2, 4, 5, 7","Minimal Synth, Synth Punk","NOTS, Exploded View, Kraftwerk, Dirty Beaches",★★★★,12/6/2020
,,Paris,Safe Space Invader,Guerilla Funk,10/6/2020,,use the clean edits!!,"2, 3, 4, 7, 9","Political Hip Hop, Conscious Hip Hop","Public Enemy, Dead Prez, Run the Jewels",★★,12/6/2020
,,Sa-Roc,The Sharecropper's Daughter,Rhymesayers,10/6/2020,,use the clean edits!!,"9, 10, 6, 4",Conscious Hip Hop,"Rapsody, Little Simz, Brother Ali, Black Thought, Jay Electronica",★★★,12/6/2020
,,Silver Synthetic,Out of the Darkness EP,Third Man Records,10/6/2020,,"1, 3 (clean edits avail.)","2, 4","Garage Rock, Psychedelic Rock","King Gizzard..., Oh Sees, Bonny Doon, White Fence, The Lemon Twigs",★★★,12/6/2020
,,Speed Week,Hey Hey It's Speed Week,Self-Released,10/6/2020,,"2, 3, 7 (in outro)","1, 6",Garage Punk,"The Chats, Pist Idiots, other Australian Garage Punk bands",★★★★,12/6/2020
,,Westside Gunn,Who Made The Sunshine,Shady/Interscope Records,10/6/2020,,use the clean edits!!,"3, 5, 6, 9",Hardcore Hip Hop,"Raekwon, Freddie Gibbs, Action Bronson",★★★★,12/6/2020
,,Working Men's Club,Working Men's Club,Heavenly / PIAS,10/6/2020,,"4, 8","1, 2","Dance Punk, Synthpop, New Wave","New Order, Hot Chip, LCD Soundsystem, Simian Mobile Disco",★★★★,12/6/2020
,,Yves Jarvis,Sundry Rock Song Stock,Anti,10/6/2020,,,"7, 6","Psychedelic Folk, Ambient Pop","Sufjan Stevens, Angelo De Augustine",★★★★,12/6/2020
,,Bill Nace (LOCAL),Both,Drag City,10/13/2020,,,"7, 2, 5","Noise, Drone,","Body/Head, Okkyung Lee",★★★,12/13/2020
,,Foxycontin (LOCAL),This Time You're On Your Own,Sister Raygun,10/13/2020,,,"5, 1, 7",Power Pop,,★★★,12/13/2020
,,Low Cut Connie (LOCAL),Private Lives,Contender,10/13/2020,,"9, 10, 11, 13, 14 [Clean edits avail]","1, 15, 17",Rock & Roll,"Nathaniel Rateliff & The Night Sweats, JD McPherson",★★★,12/13/2020
,,Machinedrum,A View of U,Ninja Tune,10/13/2020,,"3, 6, possibly more? use clean edits/files in server","3, 6, 2, 1, 4","Drum & Bass, Jungle, Breakbeat, Hip Hop","Hudson Mohawke, Rustie, Lapalux, TOKiMONSTA, TNGHT",★★★★,12/13/2020
,,Mt. Vengeance (LOCAL),Machines,Sister Raygun,10/13/2020,,,,Rock,,★★★,12/13/2020
,,Peach Kelli Pop,Lucky Star,Lauren Records,10/13/2020,,,"2, 1","Garage Rock, Twee Pop","Vivian Girls, Bleached, Habibi, Tacocat, Dum Dum Girls",★★★,12/13/2020
,,Seth Bogart,Men on the Verge of Nothing,Wacky Wacko,10/13/2020,,,"4, 2, 7, 3, 9","Jangle Pop, Indie Pop","Hunx & His Punx, Black Lips, Tijuana Panthers, Osees",★★★★,12/13/2020
,,Slow Pulp,Moveys,Winspear,10/13/2020,,,"2, 3, 5, 8","Indie Rock, Dream Pop","Soccer Mommy, Alex G, Big Thief, Jay Som",★★★★,12/13/2020
,,The Budos Band,Long in the Tooth,Daptone,10/13/2020,,,"1, 8, 6, 5, 2","Afrobeat, Jazz-Funk, Psychedelic Soul","Menahan Street Band, El Michels Affair, Sharon Jones, Antibalas",★★★★,12/13/2020
,,The Cool Greenhouse,The Cool Greenhouse,Melodic,10/13/2020,,43836,"2, 4, 8","Art Punk, Post-Punk","Uranium Club, Lithics, Dry Cleaning, Crack Cloud",★★★★,12/13/2020
,,The Goodbye Party (LOCAL),Beautiful Motors,Double Double Whammy,10/13/2020,,,"2, 3, 7","Indie Rock, Folk Rock, Indie Pop","The Microphones, Pinegrove, Elliott Smith",★★★,12/13/2020
,,touche amore,Lament,Epitath,10/13/2020,,,"4, 5, 2",Post-Hardcore,"Tigers Jaw, Balance And Composure, La Dispute, Title Fight",★★★,12/13/2020
,,Worthitpurchase,Dizzy Age,Wiggle World,10/13/2020,,,"4, 5, 3","Indie Pop, Bedroom Pop, Art Pop","You Will Never Know Why-era Sweet Trip, Broadcast, Gia Margaret",★★★,12/13/2020
,,Dorian Electra,My Agenda,Self-Released,10/20/2020,,"1, 9","3, 4, 7","Bubblegumbass, Electropop","100 Gecs, Charli XCX, Poppy, Kim Petras",★★★,12/20/2020
,,Duckwrth,SuperGood,Republic,10/20/2020,,USE THE CLEAN EDITS,,"Pop Rap, Contemporary R&B","Brockhampton, bLAck party, Smino, Saba",★★★,12/20/2020
,,Gulfer,Gulfer,Topshelf,10/20/2020,,,"3, 4, 6",Midwest Emo,"Oso Oso, Joyce Manor, Prince Daddy and the Hyena",★★★,12/20/2020
,,HEALTH,DISCO4,Loma Vista,10/20/2020,,"4, 8","3, 6, 7, 9, 10, 8",Electro-Industrial,,★★★★,12/20/2020
,,Helena Deland,Someone New,Luminelle,10/20/2020,,"1, 6","2, 6, 10","Indie Pop, Ambient Pop","Natalie Prass, Sharon Van Etten, Angel Olsen, Stella Donnelly",★★★★,12/20/2020
,,Loma,Don't Shy Away,Sub Pop,10/20/2020,,,"2, 3","Art Pop, Ambient Pop","Widowspeak, Brian Eno, Wye Oak / Flock Of Dimes",★★★★,12/20/2020
,,Oceanator,Things I Never Said,Polyvinyl,10/20/2020,,,"1, 2, 5, 6","Power Pop, Indie Rock","Corey Flood, illuminati hotties, Sad13, 2nd Grade",★★★,12/20/2020
,,Open Mike Eagle,"Anime, Trauma and Divorce",Auto Reverse,10/20/2020,,use the clean edits!,"4, 10, 5, 3, 9","Abstract Hip Hop, Art Rap","Milo, Billy Woods, Quelle Chris, MIKE, Busdriver",★★★★,12/20/2020
,,Papi Shiitake,Quarantine Dream [EP],Trash Casual,10/20/2020,,,"1, 2, 3",Indie Pop,"Mac Demarco, Crumb, Rex Orange County",★★★,12/20/2020
,,The Luxembourg Signal,The Long Now,Shelflife,10/20/2020,,,"3, 4, 8, 9","Dream Pop, Indie Pop","Spiritualized, Slowdive, Beach House",★★★,12/20/2020
,,Wishbone,Wishbone,Self-Released,10/20/2020,,,"5, 7, 1, 2, 3",Jazz/Funk,,★★★,12/20/2020
,,Adrianne Lenker,songs,4AD,10/27/2020,,,"3, 9, 2",Indie Folk,"Big Thief, Phoebe Bridgers, Julia Jacklin",★★★,12/27/2020
,,"Azymuth, Ali Shaheed Muhammad and Adrian Younge",Azymuth JID0004,Jazz Is Dead,10/27/2020,,,"1, 2, 7, 4, 8","Jazz-Funk, Samba-Jazz","Arthur Verocai, Lonnie Liston Smith, Roy Ayers, Idris Muhammed, KOKOROKO",★★★★,12/27/2020
,,Ben Harper,Winter is for Lovers,ANTI-,10/27/2020,,,"15, 4, 7","Folk - all instrumental, solely slide guitar","Ry Cooder, Taj Mahal, John Fahey, Robert Johnson",★★★,12/27/2020
,,clipping.,Visions of Bodies Being Burned,Sub Pop,10/27/2020,,USE THE CLEAN EDITS,"2, 4, 9, 10, 11","Industrial Hip-Hop, Noise Rap, Horrorcore","El-P, Death Grips, Open Mike Eagle, Run The Jewels, Shabazz Palaces",★★★★★,12/27/2020
,,Ela Minus,Acts of Rebellion,Domino,10/27/2020,,,"2, 3, 4, 6, 10","Electropop, House","Kelly Lee Owens, Jessy Lanza, Austra, Marie Davidson",★★★★,12/27/2020
,,Fat Tony,Exotica,Carpark,10/27/2020,,USE THE CLEAN EDITS,"1, 4, 6","Southern Hip-Hop, Experimental Hip-Hop","JPEGMAFIA, MIKE, NNAMDÏ",★★★,12/27/2020
,,Like A Motorcycle,Dead Broke,Known Accomplice/Cadence Music,10/27/2020,,"4, 9, 10, 13","3, 5, 8","Garage Rock, Indie Punk","White Lung, Mannequin Pussy, Sleater-Kinney, The Pack AD",★★★,12/27/2020
,,PUP,This Place Sucks Ass EP,Rise/BMG,10/27/2020,,,"1, 2, 4, 3",Pop Punk,"Jeff Rosenstock, Joyce Manor, The Menzingers",★★★,12/27/2020
,,Sen Morimoto,Sen Morimoto,Sooper,10/27/2020,,USE THE CLEAN EDITS,"2, 5, 11, 15 (clean edits!)","Art Pop, Alternative R&B, Jazz Rap","NNAMDÏ, Milo, Frank Ocean, KAINA",★★★,12/27/2020
,,Sir Chloe,Party Favors EP,Terrible,10/27/2020,,,"8, 2, 4","Bedroom Pop, Indie Rock","LaLa LaLa, illuminati hotties, Beach Bunny, Snail Mail",★★★,12/27/2020
,,Souvenirs,Love for the Lack of It,Other People,10/27/2020,,,"4, 3, 6, 8","Indie Rock, Dream Pop, Emo","Citizen, Teenage Wrist, Narrow Head, Title Fight",★★★,12/27/2020
,,The Mountain Goats,Getting Into Knives,Merge,10/27/2020,,,"2, 4, 10, 11","Folk Rock, Indie Folk","Okkervil River, Built To Spill, Wilco, The Hold Steady, Bright Eyes",★★★★,12/27/2020
,,WRY,Noites Infinitas,OAR,10/27/2020,,,"1, 3, 9, 5","Noise Pop, Alternative Rock, Post-Punk","The Psychedelic Furs, Doves, The Stone Roses",★★★★,12/27/2020
,,Dope Body,Crack a Light,Drag City,11/2/2020,,14,"5, 4, 1","Noise Rock, Post-Hardcore","Lightning Bolt, METZ",★★★★,1/2/2021
,,Fat Trout Trailer Park,Fat Trout Trailer Park,22Twenty,11/2/2020,,,"4, 1, 6, 2","Post-Punk, Bedroom Pop, Garage Rock","White Reaper, The Strokes, Ty Segall, MGMT",★★★,1/2/2021
,,Fuzz,III,In The Red,11/2/2020,,,"3, 5, 1, 2",Heavy Psych,"Ty Segall, Osees, Wand, King Gizzard & The Lizard Wizard",★★★★,1/2/2021
,,Keaton Henson,Monument,Play It Again Sam,11/2/2020,,"6, 8","3, 4, 5","Indie Folk, Singer-Songwriter","Sufjan Stevens, Phoebe Bridgers, Noah Gundersen",★★★,1/2/2021
,,LEISURE,Side A,Nettwerk,11/2/2020,,,"1, 2, 4",Indie Pop,"Washed Out, George Clanton & Nick Hexum, Nick Hakim",★★★,1/2/2021
,,Lunch Money Life,Immersion Chamber,Fire Talk,11/2/2020,,,"2, 4, 6","Nu Jazz, Experimental Electronic (?), Electrojazz (?)","Stars of The Lid, Tortoise, Battles, Boards of Canada",★★★,1/2/2021
,,"Moor Mother (LOCAL, Philly)",Circuit City,Don Giovanni,11/2/2020,,"should be fully clean, double check tho","1, 2, 3, 4","Free Jazz, Jazz Poetry",politically-driven spoken word over free jazz,★★★★,1/2/2021
,,MOURN,Self Worth,Captured Tracks,11/2/2020,,,"1, 2, 7",Indie Rock,"Sleater Kinney, Liz Phair, Bully, Priests",★★★★,1/2/2021
,,Nailbiter,Brace,Hand Drawn Dracula,11/2/2020,,,"2, 1, 7, 11, 15","Electro-Industrial, Ambient","Coil, Vatican Shadow, Psychic TV, Blanck Mass",★★★,1/2/2021
,,"Nothing (LOCAL, Philly)",The Great Dismal,Relapse,11/2/2020,,,"2, 6, 5","Shoegaze, Dream Pop","Smashing Pumpkins, Radiohead, Deftones, Swervedriver",★★★★,1/2/2021
,,Rama Gu,The Garden,Self-Released,11/2/2020,,"7, 9 (clean edit of 9 avail.)","1, 2, 3, 5, 9*","Singer-Songwriter, Indie Folk","Bill Callahan, Conor Oberst, Elliot Smith, Sufjan Stevens",★★★,1/2/2021
,,Reptaliens,Wrestling EP,Captured Tracks,11/2/2020,,,"1, 3, 4","Indie Pop, Synthpop","Ela Minus, Slow Pulp, Barrie, Alvvays",★★★,1/2/2021
,,"TMA (LOCAL, New Brunswick)","What's For Dinner? (deluxe reissue, orig, from 1984)",Left For Dead,11/2/2020,,"3, 4, 5, 12, 16, 19, 20","1, 31, 2, 6, 12, 14, 21",Hardcore Punk,"Circle Jerks, Dead Kennedys, Adolescents, Germs",★★★★,1/2/2021
,,Algara,Una Cosa Más Sin Sentido Alguno Usada Para Hacer Rico Al Mismo De Siempre,La Vida Es Un Mus,11/10/2020,,not in English so clean????,,"Hardcore Punk, Garage Punk",,★★★,1/10/2021
,,Carabobina,Carabobina,OAR,11/10/2020,,,"1, 3, 4, 6","Noise Pop, Indietronica","Tobacco, Barrie, Tanukichan, Winter",★★★,1/10/2021
,,Eels,Earth to Dora,E Works,11/10/2020,,"6, 12","1, 2, 3, 9, 11",Indie Pop,"The Dandy Warhols, Gomez, Sparklehorse, The Flaming Lips",★★★,1/10/2021
,,Love Tractor,Love Tractor (remastered+remixed),HHBTM,11/10/2020,,,"1, 3, 7, 10","(instrumental) Post-Punk, Jangle Pop","The B-52s, Pylon, The Feelies",★★★★,1/10/2021
,,Marika Hackman,Covers,Sub Pop,11/10/2020,,,"7, 2, 4, 9, 10, 1","Indie Folk, Singer/Songwriter","Samia, Big Thief, Anna Calvi, Julia Jacklin, Courtney Barnett",★★★★,1/10/2021
,,Michael W. Nestor,Retrospective,Mint 400,11/10/2020,,,21,"Alternative Rock, Indie Rock","Dinosaur Jr., Nirvana, Guided By Voices",★★★,1/10/2021
,,Population II,O A La Terre,Castle Face,11/10/2020,,,"1, 6",Psychedelic Rock,"Woods, Thee Oh Sees, Moon Duo, Kraftwerk",★★★★,1/10/2021
,,Potatohead People,Mellow Fantasy,Bastard Jazz,11/10/2020,,use clean edits!,"3, 5, 4, 11",Funk/R&B/Jazz,"Butcher Brown, Mndsgn, Kaytranada, Snarky Puppy, J Dilla",★★★,1/10/2021
,,Private Function,Whose Line Is It Anyway?,Damaged Record Co.,11/10/2020,,"10, 12","1, 2, 4, 5",Punk Rock,"Black Flag, Amyl and the Sniffers, Royal Headache",★★★,1/10/2021
,,Shuffle and Bang,Island Bop,Pirates Press,11/10/2020,,,"5, 8, 11, 3","Jazz, Big Band, Reggae, Rocksteady","Hepcat, The Aggrolites, John Coltrane, The Skatalites,",★★★,1/10/2021
,,Sinai Vessel,Ground Aswim,Single Occupancy,11/10/2020,,,"2, 7, 11","Emo, Indie Rock","Bright Eyes, Slaughter Beach, Dog, American Football",★★★,1/10/2021
,,SUUNS,Fiction,Joyful Noise,11/10/2020,,,"2, 3",Art Rock,"Liars, Exploded View, Odonis Odonis",★★★,1/10/2021
,,Wish Traps,Catch It,Divan Rogue,11/10/2020,,"6, 1 (ass), 3 (goddamn)","1, 3, 8","Indie Pop, Indie Rock","Built to Spill, Duster, Spirit of the Beehive",★★★,1/10/2021
,,Yukon Blonde,Vindicator,Dine Alone,11/10/2020,,8,"10, 4, 9, 6","Indie Pop, Indie Rock","Tame Impala, Portugal. The Man, Unknown Mortal Orchestra, Cage The Elephant",★★,1/10/2021
,,Aesop Rock,Spirit World Field Guide,Rhymesayers,11/17/2020,Co-Sign,USE CLEAN EDITS,"6, 2, 9, 7, 11",Abstract Hip-Hop,"Run The Jewels, Open Mike Eagle, Billy Woods, Del Tha Funkee Homosapien",★★★,1/17/2021
,,Chubby and the Gang,Speed Kills,Partisan,11/17/2020,Co-Sign,"7, 8, 4, 13 (clean edits avail.)","3, 2, 4, 13",Garage Punk,"Violent Reaction, Fucked Up, The Damned, The Kids",★★★,1/17/2021
,,Pink Siifu & Fly Anakin,Fly Siifu's,Lex Records,11/17/2020,Co-Sign,"USE CLEAN EDITS, don't play skits",,"Jazz Rap, Abstract Hip-Hop",,★★★★,1/17/2021
digital,,Various Artists,Selva Selects: Thunderclaps,Selva,11/17/2020,Co-Sign,clean,"4, 8, 9, 10","Cumbia, House, Funk, Jazz","Khruangbin, Buena Vista Social Club, Bonobo",★★★,
,,"Goings (LOCAL, Philly)",It's For You,Know Hope,11/17/2020,Pirate!,2 (clean edit avail.),"1, 3, 4, edit of 2","Math Rock, Indie Rock","Macseal, Minus The Bear, Motion City Soundtrack, Crying",★★★★,1/17/2021
,,KULE,"Keep Up, Lose Everything [EP]",Self-Released,11/17/2020,Pirate!,"2, 8","3, 4, 5, 1","Indie Punk, Emo, Power Pop","Jeff Rosenstock, PUP, Prince Daddy & The Hyena, Record Setter, MakeWar",★★★★,1/17/2021
,,Vanderocker,The Good Punk [EP],Mint 400,11/17/2020,Pirate!,,"4, 1, 2","Indie Rock, Psychedlic Rock","Wolf Alice, Sunflower Bean, Cherry Glazerr, Hinds",★★★,1/17/2021
,,Tiña,Positive Mental Health Music,Speedy Wunderground,11/17/2020,Planetary,3,"8, 6, 1, 2, 10, 11","Indie Rock, Psychedelic Pop","BOYO, Useless Eaters, Twin Peaks, Broken Social Scene",★★★★★,1/17/2021
,,Heather Trost,Petrichor,Third Man,11/17/2020,Shine On,,"5, 2, 3, 6","Neo-Psychedelia, Indie Pop","Broadcast, Vivian Girls, Blonde Redhead, Opal",★★★,1/17/2021
,,Jenny O,New Truth,Mama Bird,11/17/2020,Shine On,"2, 7","1, 5, 9","Psychedelic Folk, Psychedelic Pop, Indie Folk","Courtney Barnett, Angel Olsen, Julia Jacklin, Jenny Lewis, Alvvays",★★★,1/17/2021
,,Camila Fuchs,Kids Talk Sun,Felte,11/17/2020,Terrorbird,,"2, 3, 8","Art Pop, Avant-Pop","Bjork, The Knife, Fever Ray, Bat For Lashes, Sonic Boom, Eartheater",★★★,1/17/2021
,,Told Slant,Point the Flashlight and Walk,Double Double Whammy,11/17/2020,Terrorbird,,"1, 3, 8","Indie Folk, Singer/Songwriter","Anjimile, The Microphones, Perfume Genius",★★★★,1/17/2021
,,"Little Hag (LOCAL, NJ)",Whatever Happened to Avery Jane?,Bar/None,11/17/2020,The Syndicate,"1, 2, 4, 8 (clean edits avail.)","1*, 2*, 3, 4*","Indie Rock, Indie Folk, Indie Pop","Julia Jacklin, Oceanator, Pom Pom Squad",★★★,1/17/2021
,,Little Gold,Wake Up & Die Right,Sophomore Lounge,11/17/2020,Tigerbomb,,"1, 2, 6, 8","Folk Rock, Indie Rock","State Champion, Silver Jews, Purple Mountains, Nap Eyes",★★★,1/17/2021
,,High Water Marks,Ecstasy Rhymes,Minty Fresh,11/17/2020,,,"3, 5","Lo-Fi Indie Pop, Indie Rock","APPLES IN STEREO, DIRTY PROJECTORS, REAL ESTATE",★★★,1/17/2021
,,"Various Artists (some are local, but not all)",Th' Gunk Was Bunk,DIHD,11/17/2020,,,"3, 4, 5, 8, 9, 10",,,,1/17/2021
,,PVA,Toner (EP),Big Dada,11/24/2020,Co-Sign,,"1, 2, 3","Synthpop, Dance-Punk","Working Men's Club, Black Midi, Factory Floor, Jockstrap, HMLTD",★★★★,1/24/2021
,,Reel People,Dancing on the Moon,Self-Released,11/24/2020,Co-Sign,clean,1 - 4,"Future Soul, Synth funk","Anderson .Paak, Kaytranada, The Internet",★★★,1/24/2021
,,Rob Mazurek & Exploding Star Orchestra,Dimensional Stardust,International Anthem / Nonesuch,11/24/2020,Co-Sign,,"3, 4, 9, 7","Avant-Garde Jazz, Experimental Jazz","Jeff Parker, Sun Ra, Makaya McCraven, Pharaoh Sanders",★★★★,1/24/2021
,,Shygirl,ALIAS,Because Music,11/24/2020,Co-Sign,USE CLEAN EDITS!,"3, 2, 4, 1","UK Bass, Experimental Hip Hop, Deconstructed Club","Arca, SOPHIE, Charli XCX, Rina Sawayama, Zebra Katz",★★★★,1/24/2021
,,TSHA,Flowers EP,Ninja Tune,11/24/2020,Co-Sign,clean,"1,2,3","Dance, Soul House","Jayda G, Jacques Greene, Model Man",★★★,1/24/2021
,,Various Artists,Tru Thoughts Covers 3,Tru Thoughts,11/24/2020,Co-Sign,clean,"1,18","Jazz, funk,","Sly5thAve, Hot 8 Brass Band",★★★,1/24/2021
,,Carnival Crash,"It Is A Happy Man (prev. unreleased, c. 1982)",Obelisk,11/24/2020,Planetary,,"4, 2, 1","Post-Punk, Noise Rock","feat. members of: Swans, Chavez, Live Skull, Ritual Tenion, The Nails",★★★★,1/24/2021
,,The Cribs,Night Network,Sonic Blew / PIAS,11/24/2020,Planetary + The Syndicate,,"1, 2, 6","Alternative Rock, Indie Rock","The Futureheads, The Maccabees, We Are Scientists, Hot Hot Heat",★★★,1/24/2021
,,King Gizzard & The Lizard Wizard,Live In San Francisco '16,ATO,11/24/2020,Shine On,1,"12, 7, 4","Psychedelic Rock, Garage Rock, Heavy Psych","OSees, Ty Segall, White Fence, Cate Le Bon, Tame Impala, Pond",★★★★★,1/24/2021
,,strongboi,radio EP,Self-Released,11/24/2020,Shine On,1,"1, 2, 3",Experimental Jazzy kinda Psychedelic Pop,"Alice Phoebe Lou, Tennis, Cults, Mr Twin Sister, Neon Indian",★★★,1/24/2021
,,Anna McClellan,I Saw First Light,Father/Daughter,11/24/2020,TerrorBird,"6, 4","2, 3, 4","Indie Folk, Indie Rock, Anti-Folk (kinda)","Hop Along, Lomelda, Soccer Mommy",★★★,1/24/2021
,,Cabaret Voltaire,Shadow of Fear,Mute,11/24/2020,TerrorBird,,"1, 2, 7","Post-Industrial, Dark Techno","Throbbing Gristle, ADULT., Coil, Xeno & Oaklander",★★★,1/24/2021
,,Mamalarky,Mamalarky,Fire Talk,11/24/2020,TerrorBird,,"2, 3, 6","Psychedelic Pop, Indie Rock","Slow Pulp, Melody's Echo Chamber, Crumb",★★★★,1/24/2021
,,Emily Edrosa,Another Wave Is Coming,Park The Van,11/24/2020,Tiger Bomb,1,"2, 8, 11","Indie Rock, Noise Pop","Street Chant, The Beths, Oceanator",★★★★,1/24/2021
,,Public Memory,Ripped Apparition,Felte,11/24/2020,Tiger Bomb,,"5, 7, 8, 11",Trip Hop,"John Maus, Tricky, SUUNS, BEAK>",★★★,1/24/2021
,,Nick Cave,Idiot Prayer: Nick Cave Alone at Alexandra Palace,Bad Seeds,11/24/2020,Vitriol,"13, 14, 20","12, 3, 6, 11, 22",Singer-Songwriter,"Leonard Cohen, Bob Dylan, PJ Harvey, Mark Lanegan",★★★,1/24/2021
,,Señor Kaos & Illastrate,Kings of Vice,Ultra Beast United,12/1/2020,Co-Sign,"use clean edits!!! (don't play ""Prey"")","2, 5, 4","Hip-Hop, Boom Bap","Blu & Exile, Homeboy Sandman, Open MIke Eagle, Fashawn",★★★,2/1/2021
,,Fairmont,Liminal Spaces,Mint 400,12/1/2020,Pirate!,,"4, 1, 3, 5","Indie Rock, Folk Rock","Say Hi, Ben Gibbard, Guided By Voices, Destroyer",★★★,2/1/2021
,,Various Artists,"For Family and Flag, Vol. 1",Pirates Press,12/1/2020,Pirate!,,"2, 8, 12, 14","Punk (mostly), various","Cock Sparrer, The Slackers, The Bar Stool Preachers",★★★,2/1/2021
,,Gotts Street Park,Vol. 2,Blue Flowers [PIAS],12/1/2020,Planetary,,"1, 3, 4","Neo-Soul, Alt. R&B, kinda jazzy too","BADBADNOTGOOD, The Internet, WHY?",★★★,2/1/2021
,,Grand Pax,Wavey EP,Blue Flowers [PIAS],12/1/2020,Planetary,,"1, 2","Bedroom Pop, Alt. R&B","FKA twigs, Helena Deland, Tirzah, Kilo Kish, Westerman",★★★,2/1/2021
,,Loops & Loops,Some Half Forgotten Dream,Self-Released,12/1/2020,Planetary,,"10, 8, 4","Indie Folk, Dream Pop","Tomemitsu, Michael Nau, Yo La Tengo, Elliot Smith",★★★,2/1/2021
,,Bob's Burgers,Christmas,Sub Pop,12/1/2020,Sub Pop,,,"Christmas Music, from Bob's Burgers, yeah","idk, Bob's Burgers probably",★★,2/1/2021
,,Wilson's Prom,Welcome to the Prom,Self-Released,12/1/2020,Terrorbird,,"2, 3, 5","Indie Pop, Indie Folk, Folk Pop","Better Oblivion Community Center, Cate Le Bon",★★★,2/1/2021
,,Karaoke,"Blood, Piss, Religion, Pain",Self-Released,12/1/2020,Tiger Bomb,,"2, 3, 6, 8","Avant-Pop, Indie Pop","This Mortal Coil, Land of Talk, Cocteau Twins, Slow Pulp",★★★★,2/1/2021
,,Klô Pelgag,Notre-Dame-des-Sept-Douleurs,Secret City,12/1/2020,Vitriol,,"2, 3, 5",Art Pop,"Weyes Blood, St. Vincent, Sad 13, Caroline Polachek",★★★,2/1/2021
,,"Doug Carn, Adrian Younge & Ali Shaheed Muhammad",Doug Carn JID005,Jazz Is Dead,12/8/2020,Co-Sign,,"6, 5, 9, 7, 11",Jazz,"Herbie Hancock, McCoy Tyner, Lonnie Liston Smith, Marcos Valle",★★★★,2/8/2021
,,Keleketla!,Keleketla! Remixes,Ahead of Our Time,12/8/2020,Co-Sign,,"9, 1, 3, 6","Afrobeat, Electronica, House","Machinedrum, Skee Mask, Project Pablo, KOKOKO!, Ibibio Sound Machine",★★★★,2/8/2021
,,Various Artists,Khruangbin: LateNightTales,Night Time Stories,12/8/2020,Co-Sign,,"12, 13","Psychedelic Soul, Funk","BadBadNotGood, Menahan Street Band, Lord Echo, Kikagaku Moyo",★★★,2/8/2021
,,Young Legs,Songs From Lost Valley,Mint 400,12/8/2020,Pirate!,,,"Lo-Fi Indie Rock, Indie Folk","Fleet Foxes, Sufjan Stevens, Blitzen Trapper",★★★,2/8/2021
,,Laura Groves,A Private Road,Bella Union / PIAS,12/8/2020,Planetary,,"1, 2","Art Pop, Synthpop","Men I Trust, TOPS, Couch Prints, Julia Holter, Westerman",★★★,2/8/2021
,,an only child,Prepare the Body,Self-Released,12/8/2020,Terrorbird,,"1, 5, 6, 11","R&B, Soul, Singer/Songwriter","Moses Sumney, Arlo Parks, Frank Ocean, Blood Orange",★★★,2/8/2021
,,Quarter-Life Crisis,Quarter-Life Crisis,Saddle Creek,12/8/2020,Terrorbird,,"1, 2, 3, 6","Indie Rock, Indie Folk, Indie Pop","Hop Along, Hand Habits, Hovvdy, Claud",★★★★,2/8/2021
,,Immaterial Posession,Immaterial Posession,Cloud Recordings,12/8/2020,Tiger Bomb,,"1, 2, 3, 6","Folk Rock, Deathrock","Espers, Six Organs of Admittance, Pram, 60s Mediterranean folk",★★★,2/8/2021
,,NEKRA,Royal Disrupter EP,La Vida Es Un Mus,12/8/2020,,"2, 4, 5","1, 3",Hardcore Punk,"Bib, Soakie, Cruelster, Trash Talk",★★★★,2/8/2021
,,"Texture Avenue (Philly, fka Fabric X)",Demo1,Self-Released,12/8/2020,,,it is one 20 min track,Ambient but also EBM / Electro-Industrial??,Avant-Garde electronic shit,★★★★,2/8/2021
,,Statik Selektah,The Balancing Act,Mass Appeal,12/15/2020,Co-Sign,use clean edits!!,,Hip Hop,"Termanology, Skyzoo, DJ Premier, The Alchemist, Madlib, Run The Jewels",★★★,2/15/2021
,,Less Than Jake,Silver Linings,Pure Noise,12/15/2020,Pirate!,,"2, 4, 6, 8, 1","Ska Punk, Pop Punk","Mighty Mighty Bosstones, Mad Caddies, NOFX, New Found Glory, Suicide Machines",★★★,2/15/2021
,,"Sink Tapes (LOCAL, New Brunswick)",Like Snakes on Sandpaper,Mint 400,12/15/2020,Pirate!,,"20, 21, 25, 5","Indie Rock, Alternative Rock, Lo-fi","Velvet Underground, REM, Cloud Nothings, Sebadoh, Yuck, The Replacements, Lilys, Big Star",★★★,2/15/2021
,,Various Artists,Oi! This Is Streetpunk 2020,Pirates Press,12/15/2020,Pirate!,"11, 12, 14 (clean edits avail.)","1, 9, 10","Oi, Street Punk","Antagonizers ATL, 45 Adapters, Rebels Rule, Lion's Law, The Welch Boys",★★★,2/15/2021
,,Sumeau,This Is Not A Dream,Self-Released,12/15/2020,Planetary,,"1, 3, 6, 7","Indie Pop, Dream Pop","Melody’s Echo Chamber, Alvvays, Cults, Beach House, Kacey Musgraves, Ivy",★★★,2/15/2021
,,Fit of Body,Punks Unavailable,2MR,12/15/2020,Terrorbird,2,"1, 3, 4","Deep House, Alt. R&B, Synthpop","Divine Interface, Galcher Lustwerk, DJ Python",★★★,2/15/2021
,,Isla Den,Virtual Garden,Cascine,12/15/2020,Terrorbird,,"2, 3, 5","Electropop, Ambient, Dream Pop","Charli XCX, Eartheater, Sun Angels, Hudson Alexander",★★★,2/15/2021
,,NILÜFER YANYA,Feeling Lucky?,ATO,12/15/2020,Terrorbird,,"1, 2, 3","Indie Pop, Indie Rock","Faye Webster, Marika Hackman, Jay Som, Vagabon",★★★★,2/15/2021
,,The Avalanches,We Will Always Love You,Astralwerks,12/15/2020,The Syndicate,"17, 20, 21","4, 3, 22, 19, 15","Neo-Psychedelia, Plunderphonics, Trip Hop",,★★★★,2/15/2021
,,Brain Drugs,Brain Drugs,Cannery,12/15/2020,,,,"Electronic, Experimental",,★★★,2/15/2021
,,Kohti Tuhoa,Kohti Tuhoa,La Vida Es Un Mus,12/15/2020,,not in English so clean????,,"Noise Rock, Hardcore Punk","Bib, Lightning Bolt",★★★,2/15/2021
,,Kraus,A Golden Brain,Self-Released,12/15/2020,,,,"Electronic, Experimental",,★★★,2/15/2021
,,Lewsberg,In This House,Self-Released,12/15/2020,,,,"Art Punk, Indie Rock",The Velvet Underground,★★★★,2/15/2021
,,MYSTIC INANE,Natural Beauty EP,La Vida Es Un Mus,12/15/2020,,"2, 3","1, 4",Hardcore Punk,"Gnarcissists, Show Me the Body, Circle Jerks",★★★★,2/15/2021
,,"Sparrow Steeple (Local, Philly)",the World Is Quiet (But The Earth Is Flat),,12/15/2020,,,,,,★★★,2/15/2021